OBJECTID,COMMENTS,CB,DEPT,PIN,ACREAGE,CODE_TYPE,DESCRIPTION,TYPE,DEPT_ABBR,DESCRIP_ADDR,FUTURE,PA,ZONING,ShapeSTArea,ShapeSTLength
1,,,PWD,412001326010,0.755*,A,Drainage/Boneyard,Boneyard Channel,PWD,Boneyard Channel,Flood Hazard Area,101,MHP,32930.4979359644,897.925620167902
2,,,NSD,422012226003,4.432*,D,City Redevelopment,Beardsley Park Plan,NSD,1110 N Neil,Neighborhood Plan,1,SF 1,1930.80033289508,272.145439099196
3,,,NSD,422012226004,0.181*,D,City Redevelopment,Beardsley Park Plan,NSD,1110 N Neil,Neighborhood Plan,1,SF 1,7915.1964460251,372.150616019557
4,,,NSD,422012226005,0.186*,D,City Redevelopment,Beardsley Park Plan,NSD,1108 N Neil,Neighborhood Plan,1,SF 1,8104.2928052969,377.890979537435
5,,,NSD,422012226006,0.185*,D,City Redevelopment,Beardsley Park Plan,NSD,1106 N Neil,Neighborhood Plan,1,SF 1,8088.67114878507,377.71009562821
6,,,NSD,422012226007,0.187*,D,City Redevelopment,Beardsley Park Plan,NSD,1104 N Neil,Neighborhood Plan,1,SF 1,8162.32039148976,379.712876499888
7,,,NSD,422012226008,0.190*,D,City Redevelopment,Beardsley Park Plan,NSD,1102 N Neil,Neighborhood Plan,1,SF 1,8292.13146710667,383.672341856286
8,,,NSD,422012226009,0.151*,D,City Redevelopment,Beardsley Park Plan,NSD,1111 N Hickory,Neighborhood Plan,1,SF 1,6582.74062647679,367.184521911641
9,,,PWD,422012408001,0.203*,C,Parking/Alleys,Parking Deck,PWD,133 W Hill,other,100,CB,8880.87213125667,400.432488416131
10,,,NSD,462106356002,0.139*,D,City Redevelopment,Bristol Park Plan,NSD,203 Bellefontaine St,Bristol Park Plan,1,SF 1,6063.22592010724,341.42120169011
11,,2008-171,PWD,462107307010,0.134*,A,Drainage/Boneyard,Boneyard Channel,PWD,204 E Park,Flood Hazard Area,2,MF 3,5856.88016641415,354.222428299691
12,,2008-171,PWD,462107307011,0.134*,A,Drainage/Boneyard,Boneyard Channel,PWD,204 1/2 E Park,Flood Hazard Area,2,MF 3,5860.86641275935,354.224072575967
13,,,NSD,462107326010,0.204*,D5,City Redevelopment,Vacant Lot,NSD,406 E Hill,Developer future use,2,SF 1,8897.83187102983,399.843528985596
14,,,PWD,462107355022,7.867*,A,Drainage/Boneyard,University Rain Garden,PWD,104 S Second,Boneyard Phase II,3,CB,3427.09195487182,235.974743265707
15,Farmed,,PWD,411530400004,19.86*,A,Drainage/Beaver Lake,Beaver Lake Channel,PWD,North of News Gazette,other,104,I2,865403.549615038,3982.43026243293
16,,,PWD,411531200003,7.752*,A,Drainage/Beaver Lake,Beaver Lake Channel,PWD,North of News Gazette,other,104,I2,337715.607905801,3301.75768587554
17,,,PWD,412001326024,1.359*,B,Building,Public Works,PWD,702 Edgebrook Dr,other,101,I1,59226.8182778852,1017.08472877848
18,,,PWD,412001326025,3.787*,B,Building,Public Works,PWD,702 Edgebrook Dr,other,101,I1,164993.961041574,1665.7088321866
19,Meadow Gold Demolition 2010,,PWD,412001326028,8.271*,B,Building,Public Works,PWD,1702 Hagan,other,101,I1,360317.460473129,2421.92105387449
20,"Mostly Drainage, salt dome also on parcel",,PWD,412001326033,4.030*,B,Drainage/Boneyard,Dray Basin East of Salt Dome,PWD,701 W Kenyon ,Flood Hazard Area,101,I1,175573.488119938,1948.46261215395
21,,,CFD,412001355021,0.695*,B,Building,Fire Station 3,CFD,702 W Bradley,other,101,CI,30275.2086099721,696.42153451312
22,,2003-201,PWD,412001376001,0.638*,B,Building,Public Works,PWD,713 Edgebrook Dr,other,101,I1,27817.8882592372,678.313667296505
23,,,PWD,412001376027,4.309*,A,Drainage/Boneyard,Boneyard Channel,PWD,609 Edgebrook Dr,Flood Hazard Area,101,I1,1877.29443016578,226.811347301202
24,,,PWD,412001401005,0.306*,A,Drainage/Boneyard,Boneyard Channel,PWD,5 Henson Place,Flood Hazard Area,101,I1,13378.154457273,494.182607605339
25,,94-0281,PWD,412001401009,0.285*,A,Drainage/Boneyard,Boneyard Channel,PWD,6 Henson Place,Flood Hazard Area,101,I1,12430.7209482497,462.490026381466
26,,,PWD,412001401015,2.922*,A,Drainage/Boneyard,Boneyard/Channel,PWD,5 R Henson Place,Flood Hazard Area,101,SF 1,1272.92154245391,184.463692892209
27,,,PWD,412001401037,0.101*,A,Drainage/Boneyard,Boneyard/Channel,PWD,5 R Henson Place,Flood Hazard Area,101,SF 1,4409.46383880121,446.863293418223
28,,94-0114,PWD,412001401041,0.281*,A,Drainage/Boneyard,Boneyard/Channel,PWD,112 Edgebrook Dr,Flood Hazard Area,1,SF 1,12262.0977801339,456.843260453044
29,,94-0114,PWD,412001401042,4.498*,A,Drainage/Boneyard,Boneyard/Channel,PWD,112 Edgebrook Dr,Flood Hazard Area,1,CG,1959.38749513037,208.916088785469
30,,PW,PWD,412001476006,0.191*,A,Drainage/Boneyard,Boneyard Channel,PWD,1412 N Hickory St,Flood Hazard Area,1,SF 1,8321.69469435857,392.314743398966
31,,94-0229,PWD,412001476012,0.190*,A,Drainage/Boneyard,Boneyard Channel,PWD,1411 N Walnut St,Flood Hazard Area,1,SF 1,8316.97565065084,392.265748803458
32,,94-0258,PWD,412001477001,0.177*,A,Drainage/Boneyard,Boneyard Channel,PWD,1412 N Walnut St,Flood Hazard Area,1,SF 1,7731.04026383646,373.389147754762
33,,,PWD,412001477002,0.174*,A,Drainage/Boneyard,Boneyard Channel,PWD,1410 N Walnut St,Flood Hazard Area,1,SF 1,7595.14418891561,371.021950286161
34,,99-0211,PWD,412001477003,0.174*,A,Drainage/Boneyard,Boneyard Channel,PWD,1408 N Walnut St,other,1,SF 1,7584.00646063382,370.65678271125
35,,94-0240,PWD,412001477010,0.114*,A,Drainage/Boneyard,Boneyard Channel,PWD,1409 Champaign St,Flood Hazard Area,1,SF 1,4973.00198536502,328.873982839469
36,,95-0062,PWD,412001477011,0.177*,A,Drainage/Boneyard,Boneyard Channel,PWD,1407 Champaign St,Flood Hazard Area,1,SF 1,7714.63975406463,372.769937835291
37,,95-0087,PWD,412001477012,0.173*,A,Drainage/Boneyard,Boneyard Channel,PWD,1405 Champaign St,Flood Hazard Area,1,SF 1,7572.82270955345,370.292097654443
38,,94-0102,PWD,412001477016,6.291*,A,Drainage/Boneyard,Boneyard Channel,PWD,1409 Champaign St,other,1,SF 1,2867.23853090383,295.185630637107
39,,,PWD,412001478003,0.176*,A,Drainage/Boneyard,Boneyard Channel,PWD,1408 Champaign St,Flood Hazard Area,1,SF 1,7689.2397285002,374.110189193369
40,,,PWD,412001478004,0.176*,A,Drainage/Boneyard,Boneyard Channel,PWD,1406 Champaign St,Flood Hazard Area,1,SF 1,7699.42561557977,374.443578775879
41,,94-0127,PWD,412001478005,0.176*,A,Drainage/Boneyard,Boneyard Channel,PWD,1404 Champaign St,Flood Hazard Area,1,SF 1,7709.59431502358,374.778272281191
42,,96-0199,PWD,412001478010,0.176*,A,Drainage/Boneyard,Boneyard Channel,PWD,1405 N Market St,Flood Hazard Area,1,MF 1,7699.13624628178,374.4386290424
43,,,PWD,412001478011,0.176*,A,Drainage/Boneyard,Boneyard Channel,PWD,1403 N Market St,Flood Hazard Area,1,MF 1,7709.32620016572,374.773327667564
44,,,PWD,412001478012,0.177*,A,Drainage/Boneyard,Boneyard Channel,PWD,1401 N Market St,Flood Hazard Area,1,MF 1,7719.55913088905,375.107693905303
45,,98-0154,NSD,412001482009,0.181*,D,City Redevelopment,Bristol Park Plan,NSD,1311 N Market St,Bristol Park Plan,1,MF 1,7914.27588559018,371.990268039378
46,,99,NSD,412001486009,0.136*,D,City Redevelopment,Bristol Park Plan,NSD,1207 N Market St,Bristol Park Plan,1,MF 1,5938.34822639785,337.474162732459
47,,93-0135,CFD,412002153007,1.614*,B,Building,Fire Station 5,CPD,1810 N Mattis,other,8,SF 1,70336.5711513471,1101.6156627959
48,,,PWD,412011204019,0.155*,B,Sanitary Pump Station,Sanitary Pump Station,PWD,1101 W Bradley,other,9,SF 1,6769.69855050116,327.790295016153
49,,,PRK,422012130001,0.146*,A,Drainage/Boneyard,Parkway,Parks,411 W Eureka,other,1,SF 1,6397.79173556281,1090.29676783106
50,,,PWD,422012130003,1.833*,A,Drainage/Boneyard,Park,PWD,401 W Eureka,other,1,SF 1,79848.285735182,1231.9238741438
51,,,PRK,422012236010,0.127*,A,Greenspace,Park,Parks,1115 N Market St,other,1,SF 1,5540.46904168211,332.677107087848
52,,,NSD,422012257005,0.120*,D,City Redevelopment,Neighborhood Garden,NSD,214 W Maple,Neighborhood Garden,4,SF 2,5270.0505753552,294.199741097238
53,,2000-0091,NSD,422012280001,0.135*,D5,City Redevelopment,Beardsley Park Plan,NSD,716 N Hickory,Neighborhood Plan,1,SF 1,5892.56025385592,309.790365650221
54,,97-0241,NSD,422012280002,0.134*,D,City Redevelopment,Beardsley Park Plan,NSD,27 E North,Neighborhood Plan,1,SF 1,5866.90936500676,309.292073907472
55,,2001-0231,NSD,422012280003,0.179*,D,City Redevelopment,Beardsley Park Plan,NSD,714 N Hickory,Neighborhood Plan,1,SF 1,7830.50169565625,384.748529379453
56,,2001-0231,NSD,422012280005,0.269*,D,City Redevelopment,Beardsley Park Plan,NSD,709 N Walnut,Neighborhood Plan,1,SF 1,11742.950951697,443.062611805535
57,,,NSD,422012280006,0.179*,D,City Redevelopment,Beardsley Park Plan,NSD,707 N  Walnut,Neighborhood Plan,1,SF 1,7820.30503857392,384.308770619937
58,,97-0180,NSD,422012285001,6.626*,D,City Redevelopment,Beardsley Park Plan,NSD,718 N Walnut,Neighborhood Plan,1,SF 1,2886.633418548,239.0143622273
59,,98-0177,NSD,422012285002,0.035*,D,City Redevelopment,Beardsley Park Plan,NSD,53 E North,Neighborhood Plan,1,SF 1,1543.91131702536,159.140519987257
60,,98-0177,NSD,422012285003,0.164*,D,City Redevelopment,Beardsley Park Plan,NSD,714 N Walnut,Neighborhood Plan,1,SF 1,7147.62180891876,372.180422555645
61,,95-0151,NSD,422012285004,6.494*,D,City Redevelopment,Beardsley Park Plan,NSD,710 1/2 N Walnut,Neighborhood Plan,1,SF 1,2829.17996541521,306.656468004677
62,,,NSD,422012285005,0.112*,D,City Redevelopment,Beardsley Park Plan,NSD,710 N Walnut,Neighborhood Plan,1,SF 1,4886.85589884331,337.837602632693
63,,,NSD,422012285006,0.177*,A,Drainage/Boneyard,Boneyard Channel,NSD,708 N Walnut,other,1,SF 1,7713.80463155779,380.685367199583
64,,,NSD,422012285007,0.177*,A,Drainage/Boneyard,Boneyard Channel,NSD,706 N Walnut,other,1,SF 1,7711.61924179143,380.610700331138
65,,,NSD,422012285008,0.176*,A,Drainage/Boneyard,Boneyard Channel,NSD,704 N Walnut,other,1,SF 1,7709.40250107735,380.535388510235
66,,,NSD,422012285009,0.157*,A,Drainage/Boneyard,Boneyard Channel,NSD,702 N Walnut,Flood Hazard Area,1,SF 1,6852.94097142745,360.245972965125
67,,,NSD,422012285010,0.132*,D5,City Redevelopment,Beardsley Park Plan,NSD,713 N Walnut,Neighborhood Plan,1,SF 1,5792.32331079548,351.662393971717
68,,2001-0231,NSD,422012285011,0.132*,D5,City Redevelopment,Beardsley Park Plan,NSD,711 N Champaign,Neighborhood Plan,1,SF 1,5791.07992911559,351.606054584659
69,,2001-0231,NSD,422012285012,8.861*,D5,City Redevelopment,Beardsley Park Plan,NSD,709 1/2 N Champaign,Neighborhood Plan,1,SF 1,3860.06698788183,322.287435527093
70,,2001-0231,NSD,422012285013,8.860*,D5,City Redevelopment,Beardsley Park Plan,NSD,709 N Champaign,Neighborhood Plan,1,SF 1,3859.47434349941,322.249441498426
71,,,PWD,422012285014,0.177*,A,Drainage/Boneyard,Boneyard Channel,PWD,707 N Champaign,other,1,SF 1,7717.31243438592,380.737976815654
72,,,PWD,422012285015,0.177*,A,Drainage/Boneyard,Boneyard Channel,PWD,705 N Champaign,other,1,SF 1,7715.07426313485,380.662324033811
73,,99-0211,PWD,422012285016,0.177*,A,Drainage/Boneyard,Boneyard Channel,PWD,703 N Champaign,other,1,SF 1,7712.91698223935,380.587998272834
74,,98-0218,PWD,422012285017,0.102*,A,Drainage/Boneyard,Boneyard Channel,PWD,52 E Vine,other,1,SF 1,4485.00198985655,270.313024366882
75,,98-0218,PWD,422012285018,7.405*,A,Drainage/Boneyard,Boneyard Channel,PWD,701 N Champaign,other,1,SF 1,3225.67853210225,227.28769475404
76,,97-0128,PWD,422012289004,8.353*,A,Drainage/Boneyard,Boneyard Channel,PWD,702 N Champaign,other,1,SF 1,3638.93735191629,241.488164749678
77,,2000-0017,PWD,422012289005,9.510*,A,Drainage/Boneyard,Boneyard Channel,PWD,701 N Market,Flood Hazard Area,1,SF 1,4142.92386712528,261.513646062989
78,,,PWD,422012290002,0.334*,A,Drainage/Boneyard,Boneyard Channel,PWD,N Market ,Flood Hazard Area,1,SF 1,14543.4699561877,533.905664834243
79,,2001-0232,PWD,422012291001,0.103*,A,Drainage/Boneyard,Boneyard Channel,PWD,702 N MARKET,other,1,I1,4497.37144023566,343.064247581394
80,,2001-0232,PWD,422012291002,0.211*,A,Drainage/Boneyard,Boneyard Channel,PWD,704 N Market,other,1,I1,9215.36615069437,410.87263083339
81,,2004-023,PWD,422012404009,0.404*,C,Parking/Alleys,Parking Lot,PWD,201 W Hill,other,100,CB,17621.5620435953,530.992723401392
83,,2004-023,PWD,422012408002,0.204*,C,Parking/Alleys,Parking Deck,PWD,125 W Hill,other,100,CB,8892.37442795863,400.780139601235
84,,2004-023,PWD,422012408003,0.204*,C,Parking/Alleys,Parking Deck,PWD,121 W Hill,other,100,CB,8903.93166500035,401.128972839588
85,,,PWD,422012426001,0.145*,C,Parking/Alleys,Parking Lot,PWD,North Neil Parking Lot,other,100,CB,6319.77525286171,348.053147585981
86,,,PWD,422012426002,5.195*,C,Parking/Alleys,Parking Lot,PWD,North Neil Parking Lot,other,100,CB,2263.05089338569,258.195659405589
87,,,PWD,422012426003,0.049*,C,Parking/Alleys,Parking Lot,PWD,North Neil Parking Lot,other,100,CB,2148.67717308324,245.088971934442
88,,,PWD,422012426004,9.204*,C,Parking/Alleys,Parking Lot,PWD,North Neil Parking Lot,other,100,CB,4009.47598728199,271.301274156195
89,,,PWD,422012426005,0.102*,C,Parking/Alleys,Parking Lot,PWD,North Neil Parking Lot,other,100,CB,4475.25163414549,271.788194784238
90,,,PWD,422012426006,7.400*,C,Parking/Alleys,Parking Lot,PWD,North Neil Parking Lot,other,100,CB,3223.72220808956,231.876710274114
91,,,PWD,422012426007,2.231*,C,Parking/Alleys,Parking Lot,PWD,North Neil Parking Lot,other,100,CB,971.99327637067,127.892063786455
92,,,PWD,422012426008,3.546*,C,Parking/Alleys,Parking Lot,PWD,North Neil Parking Lot,other,100,CB,1544.79520469508,229.748905234344
93,,,PWD,422012427001,0.134*,C,Parking/Alleys,Parking Lot,PWD,15 E Washington,other,100,CB,5853.79705665504,310.31250475381
94,,,PWD,422012427002,0.178*,C,Parking/Alleys,Parking Lot,PWD,33 E Washington,other,100,CB,7786.06264505189,360.211261159529
95,,,PWD,422012427004,0.132*,C,Parking/Alleys,Parking Lot,PWD,342 N Neil,other,100,CB,5760.51338596407,386.831987434722
96,,,PWD,422012428001,0.223*,C,Parking/Alleys,Parking Lot,PWD,335 N Walnut,other,100,CB,9742.54602939327,453.440483678254
97,,,PWD,422012428002,0.186*,C,Parking/Alleys,Parking Lot,PWD,335 N Walnut,other,100,CB,8108.28962509665,424.495084053299
98,,,PWD,422012428003,0.371*,C,Parking/Alleys,Parking Lot,PWD,335 N Walnut,other,100,CB,16166.9872234314,523.431043474445
99,,,PWD,422012428004,0.185*,C,Parking/Alleys,Parking Lot,PWD,335 N Walnut,other,100,CB,8058.67006333944,422.508395771707
100,,,PWD,422012428005,0.184*,C,Parking/Alleys,Parking Lot,PWD,335 N Walnut,other,100,CB,8042.12270465471,421.846023555583
101,,,PWD,422012428006,0.184*,C,Parking/Alleys,Parking Lot,PWD,335 N Walnut,other,100,CB,8025.58167636183,421.183652657743
102,,,PWD,422012428018,6.715*,C,Parking/Alleys,Parking Lot,PWD,321 N Walnut,other,100,CB,2925.41670376253,216.419613436483
103,,,PWD,422012428020,0.195*,C,Parking/Alleys,Parking Lot,PWD,N Walnut,other,100,CB,8508.56245479418,369.023510754816
104,,,PWD,422012428020,2.954*,C,Parking/Alleys,Parking Lot,PWD,N Walnut,other,100,CB,1287.20054800348,157.354319974272
105,,,PWD,422012430006,3.426*,C,Parking/Alleys,Alley,PWD,Chester/Taylor St Alley,Alley,100,CB,1492.49984276344,384.651257809231
106,,,PLN,422012431001,0.253*,B,Building,City Building,PLN,102 N  Neil,other,100,CB,11035.6482850464,504.132432781453
107,,,PWD,422012433006,0.133*,C,Parking/Alleys,Parking Lot,PWD,43 E Main,other,100,CB,5834.01447689736,337.830627542395
108,,,PWD,422012433007,6.867*,C,Parking/Alleys,Parking Lot,PWD,47 E Main,other,100,CB,2991.63750715573,290.671181997935
109,,,PWD,422012433008,6.867*,C,Parking/Alleys,Parking Lot,PWD,49 E Main,other,100,CB,2991.61732248255,290.670775607365
111,,,PWD,422012439001,0.329*,C,Parking/Alleys,Parking Lot,PWD,Police Station,other,2,CB,14344.8176087171,485.224463025606
112,North First Stree Lot,,PWD,422012439002,0.278*,C,Parking/Alleys,Parking Lot,PWD,Police Station,other,2,CB,12110.1494585936,460.717859612165
113,,,PWD,422012439003,0.421*,C,Parking/Alleys,Parking Lot,PWD,Police Station,other,2,CB,18360.7631457128,616.114193662015
114,,,CPD,422012439004,1.357*,C,Parking/Alleys,Parking Lot,PWD,Police Station,other,2,CB,591.195205173197,99.4141426969306
115,,,PWD,422012439005,0.107*,C,Parking/Alleys,Parking Lot,PWD,Police Station,other,2,CB,4687.69415775439,277.130140520349
116,,,PWD,422012439006,3.592*,C,Parking/Alleys,Parking Lot,PWD,Police Station,other,2,CB,1564.88887733404,198.944099407132
117,,,PWD,422012439007,3.592*,C,Parking/Alleys,Parking Lot,PWD,Police Station,other,2,CB,1564.90675870106,198.944311359225
118,,,PWD,422012439008,3.592*,C,Parking/Alleys,Parking Lot,PWD,Police Station,other,2,CB,1564.91477853571,198.944512149759
119,,,PWD,422012439009,3.592*,C,Parking/Alleys,Parking Lot,PWD,Police Station,other,2,CB,1564.91382808622,198.944724096825
120,,,PWD,422012439010,3.672*,C,Parking/Alleys,Parking Lot,PWD,Police Station,other,2,CB,1599.90252089689,199.825552085824
121,,,PWD,422012440001,0.289*,B,Building,Police Station,CPD,82 E Universtiy,other,2,CB,12602.398619102,473.33682558338
122,,,PWD,422012440002,0.162*,B,Building,Police Station,CPD,82 E University,other,2,CB,7073.6842206675,431.1868273263
123,,,PWD,422012440003,0.105*,B,Building,Police Station,PWD,82 E University,other,2,CB,4590.26836603345,402.34550352348
124,,,PWD,422012440004,0.317*,B,Building,Police Station,CPD,82 E University,other,2,CB,13834.1903417931,496.411750276653
125,Greenspace police parking lot,,PWD,422012441001,3.762*,C,Parking/Alleys,Parking Lot,PWD,Police Station,other,2,CB,1638.72853925685,204.898471840636
126,,,PWD,422012442001,6.151*,B,Building,Police Station,CPD,82 E University,other,2,CB,2679.38227732889,214.283835426921
127,,,CPD,422012442002,8.020*,B,Building,Police Station,CPD,82 E University,other,2,CB,3493.68213323634,248.835225603365
128,,,CPD,422012442003,5.012*,B,Building,Police Station,CPD,82 E University,other,2,CB,2183.56301751801,252.817778972589
129,,,CPD,422012442004,4.997*,B,Building,Police Station,CPD,82 E University,other,2,CB,2177.00076889427,269.983528683898
130,,,CPD,422012442005,4.726*,B,Building,Police Station,CPD,82 E University,other,2,CB,2058.80918013208,231.200635109109
131,,,CPD,422012442006,4.725*,B,Building,Police Station,CPD,82 E University,other,2,CB,2058.5394083383,231.089384249581
132,,,CPD,422012442007,4.701*,B,Building,Police Station,CPD,82 E University,other,2,CB,2048.15225346161,230.761585411723
133,,,PWD,422012454007,0.106*,C,Parking/Alleys,Parking Lot,PWD,106 S State,other,100,CB,4634.63204744653,272.436699735315
134,,,PWD,422012454008,0.105*,C,Parking/Alleys,Parking Lot,PWD,214 W Clark,other,100,CB,4606.75350278359,271.643014872484
135,,,PWD,422012454009,0.388*,C,Parking/Alleys,Parking Lot,PWD,210 W Clark,other,100,CB,16921.3374191134,520.377591875985
136,,,CFD,422012460001,0.141*,B,Building,Fire Station 1,CFD,209 W White,other,100,IT-MX,6179.39322841799,368.251202047575
137,,,CFD,422012460002,0.149*,B,Building,Fire Station 1,CFD,205 W White,other,100,IT-MX,6501.83195332397,371.499624275664
138,,,CFD,422012460003,0.236*,B,Building,Fire Station 1,CFD,203 W White,other,100,IT-MX,10303.5961410078,426.441058583321
139,,,CFD,422012460004,0.114*,B,Building,Fire Station 1,CFD,304 Cottage Ct,other,100,IT-MX,5006.61141521027,301.093251169112
140,,,CFD,422012460005,9.693*,B,Building,Fire Station 1,CFD,306 Cottage Ct,other,100,IT-MX,4222.53040645007,285.296530551147
141,,,CFD,422012460014,9.324*,B,Building,Fire Station 1,CFD,301 S Randolph,other,100,IT-MX,4061.62522169511,263.779358467153
142,,,CFD,422012460015,9.251*,B,Building,Fire Station 1,CFD,303 S Randolph,other,100,IT-MX,4030.06487300517,263.238036556436
143,,,CFD,422012460016,9.270*,B,Building,Fire Station 1,CFD,305 S Randolph,other,100,IT-MX,4038.32847637203,263.648642292386
144,,,CFD,422012460017,0.138*,B,Building,Fire Station 1,CFD,307 S Randolph,other,100,IT-MX,6037.92389874784,364.082546248989
145,,,CFD,422012460018,0.126*,B,Building,Fire Station 1,CFD,309 S Randolph,other,100,IT-MX,5519.12263119446,348.518089265062
146,,,PWD,422012484008,1.116*,C,Parking/Alleys,Parking Lot,PWD,101 S Market,other,100,CB,48626.7757394658,920.32363593432
147,,,PWD,422012484010,0.400*,C,Parking/Alleys,Parking Lot,PWD,132 S Market,other,100,CB,17465.0988859719,737.900154763279
148,,,LIB,432013205001,0.125*,B,Building,Library,LIB,Green/Healey/State/Randolph,other,5,IT-MX,5472.43005086106,301.692590697341
149,,,LIB,432013205002,6.932*,B,Building,Library,LIB,Green/Healey/State/Randolph,other,5,IT-MX,3019.83610481224,220.726447697995
150,,,LIB,432013205003,0.227*,B,Building,Library,LIB,Green/Healey/State/Randolph,other,5,IT-MX,9895.97889571616,544.408788324145
151,,,LIB,432013205004,0.256*,B,Building,Library,LIB,Green/Healey/State/Randolph,other,5,IT-MX,11175.2625882756,503.756504498454
152,,,LIB,432013205005,0.244*,B,Building,Library,LIB,Green/Healey/State/Randolph,other,5,IT-MX,10662.8021504589,499.367393188467
153,,,LIB,432013205006,0.251*,B,Building,Library,LIB,Green/Healey/State/Randolph,other,5,IT-MX,10971.0111091804,503.380891545131
154,,,LIB,432013205007,0.252*,B,Building,Library,LIB,Green/Healey/State/Randolph,other,5,IT-MX,11005.6888465644,504.613579541566
155,,,LIB,432013205008,0.184*,B,Building,Library,LIB,Green/Healey/State/Randolph,other,5,IT-MX,8051.80775786616,382.510748532419
156,,,LIB,432013205009,0.112*,B,Building,Library,LIB,Green/Healey/State/Randolph,other,5,IT-MX,4881.97522431127,319.28427022284
157,,,LIB,432013205010,6.648*,B,Building,Library,LIB,Green/Healey/State/Randolph,other,5,IT-MX,2895.87903832756,215.686199280285
158,,,LIB,432013205011,5.934*,B,Building,Library,LIB,Green/Healey/State/Randolph,other,5,IT-MX,2585.12351332944,204.716334269705
159,,,LIB,432013205012,5.266*,B,Building,Library,LIB,Green/Healey/State/Randolph,other,5,IT-MX,2294.04319469089,194.38157139895
160,,,LIB,432013205013,8.839*,B,Building,Library,LIB,Green/Healey/State/Randolph,other,5,IT-MX,3850.46318437767,249.290926958566
161,,,LIB,432013205014,0.273*,B,Building,Library,LIB,Green/Healey/State/Randolph,other,5,IT-MX,11903.0113446016,524.326464410499
162,,,LIB,432013205015,0.235*,B,Building,Library,LIB,Green/Healey/State/Randolph,other,5,IT-MX,10259.7661166923,507.246144739762
163,,,LIB,432013205016,0.288*,B,Building,Library,LIB,Green/Healey/State/Randolph,other,5,IT-MX,12573.6997738852,529.151348584278
164,,,LIB,432013205017,0.260*,B,Building,Library,LIB,Green/Healey/State/Randolph,other,5,IT-MX,11363.439216307,516.233382005675
165,,,LIB,432013205018,0.260*,B,Building,Library,LIB,Green/Healey/State/Randolph,other,5,IT-MX,11327.9294512972,514.968208521499
166,,,LIB,432013205019,0.110*,B,Building,Library,LIB,Green/Healey/State/Randolph,other,5,IT-MX,4800.2106212349,277.455336335963
167,,,LIB,432013205020,0.102*,B,Building,Library,LIB,Green/Healey/State/Randolph,other,5,IT-MX,4481.52039155587,268.463440436335
168,,,LIB,432013205021,0.212*,B,Building,Library,LIB,Green/Healey/State/Randolph,other,5,IT-MX,9246.90250699306,407.008054148074
169,,,LIB,432013205022,0.157*,B,Building,Library,LIB,Green/Healey/State/Randolph,other,5,IT-MX,6845.8619186394,371.717498812949
170,,,LIB,432013205023,0.155*,B,Building,Library,LIB,Green/Healey/State/Randolph,other,5,IT-MX,6771.60460117169,370.864515320443
171,,,LIB,432013205024,7.505*,B,Building,Library,LIB,Green/Healey/State/Randolph,other,5,IT-MX,3269.31228235541,264.824311281883
172,,,LIB,432013205025,0.233*,B,Building,Library,LIB,Green/Healey/State/Randolph,other,5,IT-MX,10172.8573590397,398.313913983422
173,The Hole,,PWD,432013231019,1.336*,A,Drainage/Boneyard,Healey St Basin,PWD,Healey Street Basin,Flood Hazard Area,3,CG,58220.3351938814,1284.52556858378
174,The Hole,,PWD,432013231020,3.260*,A,Drainage/Boneyard,Healey St Basin,PWD,Healey Street Basin,Flood Hazard Area,3,CG,142040.303082577,1557.85534958535
175,West Station,,CFD,442015251001,0.595*,B,Building,Fire Station 4,CFD,2315 S John,other,14,SF 1,25919.9854129567,653.99984810103
176,Mini Park from Demo,,PRK,442015482036,0.172*,A,Greenspace,Mini park,Parks,1515 S Mattis,other,14,SF 1,7517.01469852386,348.143698650876
177,,,PWD,452022254018,6.308*,A,Drainage/Phinney,Phinney Branch,PWD,Cresent Row,Flood Hazard Area,15,SF 1,2748.03918254085,245.356252994546
178,Southwood Pool,,NSD,452022278001,0.272*,A,Drainage/Phinney,Phinney Branch ,NSD,2007 Cypress,Flood Hazard Area,15,SF 1,11883.8240502488,506.844947181381
179,Southwood Pool,,NSD,452022278002,0.211*,A,Drainage/Phinney,Phinney Branch ,NSD,2005 Cypress,Phinney Branch,15,SF 1,9205.21988890881,453.567336554795
180,,,CFD,452023281003,0.253*,B,Building,Fire Station 2,CFD,1901 S Prospect,other,11,SF 1,11058.81983529,418.783070226165
181,Southwest Station Station Six,,CFD,462028126001,1.595*,B,Building,Fire Station 6,CFD,3911 W Windsor Rd.,other,25,MF 1,69490.0662850096,1064.29455303435
182,Bristol Park Plan,,NSD,462106351001,0.285*,D,City Redevelopment,Bristol Park Plan,NSD,1416 N Market St,Bristol Park Plan,1,MF 1,12455.4091702447,468.258987210205
183,Bristol Park Plan,,NSD,462106352002,0.127*,D,City Redevelopment,Bristol Park Plan,NSD,1408 N Market St,Bristol Park Plan,1,MF 1,5543.45039053885,321.139813513338
184,Bristol Park Plan,98-0154,NSD,462106352004,0.254*,D,City Redevelopment,Bristol Park Plan,NSD,1404 N Market St,Bristol Park Plan,1,MF 1,11086.9371472341,421.636642017004
185,,,PWD,462106353001,0.218*,A,Drainage/Boneyard,Boneyard Channel,PWD,105 E Bellefontaine St,Flood Hazard Area,1,MF 1,9505.86261795375,420.929454973669
186,,96-0258,PWD,462106353002,0.218*,A,Drainage/Boneyard,Boneyard Channel,PWD,1308 N Market St,Flood Hazard Area,1,MF 1,9505.85987833423,420.929661536593
187,,,PWD,462106353003,0.109*,A,Drainage/Boneyard,Boneyard Channel,PWD,1306 1/2 N Market St,Flood Hazard Area,1,MF 1,4752.91859477748,355.29533463603
188,,96-0258,PWD,462106353004,0.109*,A,Drainage/Boneyard,Boneyard Channel,PWD,1306 N Market St,Flood Hazard Area,1,MF 1,4752.93902938765,355.295818539666
189,,98-0236,PWD,462106353005,0.218*,A,Drainage/Boneyard,Boneyard Channel,PWD,1304 N Market St,Flood Hazard Area,1,MF 1,9505.85487512722,420.930941034685
190,,,PWD,462106353006,0.218*,A,Drainage/Boneyard,Boneyard Channel,PWD,1302 N Market St,Flood Hazard Area,1,MF 1,9505.86342675074,420.932345495806
191,,96-0207,NSD,462106353011,9.181*,D,City Redevelopment,Bristol Park Plan,NSD,1315 N Clock St,Bristol Park Plan,1,SF 1,3999.56185491585,279.85087254715
192,,97-0304,NSD,462106354001,0.167*,A,Drainage/Boneyard,Boneyard Channel,NSD,1214 N Market St,Bristol Park Plan,1,MF 1,7312.0622818757,391.276586668617
193,,,NSD,462106354002,0.166*,A,Drainage/Boneyard,Boneyard Channel,NSD,1212 N Market St,Bristol Park Plan,1,MF 1,7274.01930526562,390.464942841191
194,,95-0075,PWD,462106354009,0.115*,A,Drainage/Boneyard,Boneyard Channel,PWD,107 Garwood St,Flood Hazard Area,1,SF 1,5037.82973437246,370.623218400825
195,,99-0211,PWD,462106354010,0.115*,A,Drainage/Boneyard,Boneyard Channel,PWD,107 1/2 Garwood St,Flood Hazard Area,1,SF 1,5040.95171800001,370.810557382885
196,,94-0282,PWD,462106354011,0.231*,A,Drainage/Boneyard,Boneyard Channel,PWD,109 Garwood St,Flood Hazard Area,1,SF 1,10091.9388510489,437.30360379614
197,,99-0129,PWD,462106354012,0.154*,A,Drainage/Boneyard,Boneyard Channel,PWD,111 Garwood St,Flood Hazard Area,1,SF 1,6725.06348669682,335.356196409109
198,,,PWD,462106354013,7.874*,A,Drainage/Boneyard,Boneyard Channel,PWD,1209 N Clock St,Flood Hazard Area,1,SF 1,3430.25497289126,236.2552163499
199,,97-0344,PWD,462106354014,0.204*,A,Drainage/Boneyard,Boneyard Channel,PWD,1207 N Clock St,Flood Hazard Area,1,SF 1,8928.8435559612,420.357079692601
200,,95-0088,PWD,462106354015,0.205*,A,Drainage/Boneyard,Boneyard Channel,NSD,1203 N Clock St,Flood Hazard Area,1,SF 1,8945.83698760795,421.284305903305
201,,,NSD,462106356005,0.139*,D,City Redevelopment,Bristol Park Plan,NSD,209 Bellefontaine St,Bristol Park Plan,1,SF 1,6071.73734079964,341.792408191415
202,,,NSD,462106356011,0.139*,D,City Redevelopment,Bristol Park Plan,PWD,206 Garwood St,Bristol Park Plan,1,SF 1,6077.91468385986,341.890273208769
203,,,NSD,462106357001,0.137*,D,City Redevelopment,Bristol Park Plan,NSD,201 Garwood St,Bristol Park Plan,1,SF 1,5984.36949101833,339.621013603472
204,,97-0240,NSD,462107101002,0.103*,A,Drainage/Boneyard,Parking Lot Leased,NSD,103 E Bradley Ave,Flood Hazard Area,1,I1,4514.06622133214,302.062342426509
205,,96-0257,NSD,462107101003,0.103*,A,Drainage/Boneyard,Parking Lot Leased,NSD,105 E Bradley Ave,Flood Hazard Area,1,I1,4499.73627066744,301.017802944907
206,,96-0087,NSD,462107101004,0.094*,A,Drainage/Boneyard,Boneyard Channel,NSD,107 E Bradley Ave,Flood Hazard Area,1,I1,4110.0202129223,282.248892943903
207,,96-0117,NSD,462107101005,0.094*,A,Drainage/Boneyard,Boneyard Channel,NSD,109 E Bradley Ave,Flood Hazard Area,1,I1,4110.55747209431,282.27645644402
208,,97-0195,NSD,462107101006,0.094*,A,Drainage/Boneyard,Boneyard Channel,NSD,111 E Bradley Ave,Flood Hazard Area,1,I1,4104.42384863415,282.170574715588
209,,98-0333,NSD,462107101010,0.132*,A,Drainage/Boneyard,Boneyard Channel,NSD,1111 N Clock St,Flood Hazard Area,1,I1,5746.88191481561,339.566056535544
210,,97-0211,NSD,462107101011,0.132*,A,Drainage/Boneyard,Boneyard Channel,NSD,1109 N Clock St,Flood Hazard Area,1,I1,5740.71107985869,339.398773417232
211,,97-0210,NSD,462107101012,0.132*,A,Drainage/Boneyard,Boneyard Channel,NSD,1107 N Clock St,Flood Hazard Area,1,I1,5738.20934541252,339.291561115737
212,,97-0129,NSD,462107101015,0.109*,A,Drainage/Boneyard,Boneyard Channel,NSD,203 E Bradley Ave,Flood Hazard Area,1,I1,4733.32068321123,294.795404420686
213,,96-0087,NSD,462107101016,0.109*,A,Drainage/Boneyard,Boneyard Channel,NSD,205 E Bradley Ave,other,1,I1,4734.09390293214,294.828211799808
214,,96-0087,NSD,462107101017,0.109*,A,Drainage/Boneyard,Boneyard Channel,NSD,207 E Bradley Ave,other,1,I1,4734.87165962316,294.861019406007
215,,98-0036,NSD,462107101018,0.109*,A,Drainage/Boneyard,Boneyard Channel,NSD,209 E Bradley Ave,other,1,I1,4735.66364281002,294.894157206391
216,,96-0087,NSD,462107101019,0.071*,A,Drainage/Boneyard,Boneyard Channel,NSD,211 E Bradley Ave,other,1,I1,3094.90487186711,267.400771405263
217,,,NSD,462107101024,0.142*,A,Drainage/Boneyard,Boneyard Channel, ,1111 N Chestnut St,other,1,I1,6205.14050581569,361.530619858254
218,,97-0041,NSD,462107101025,0.126*,A,Drainage/Boneyard,Boneyard Channel,NSD,1109 N Chestnut St,other,1,I1,5488.56742820777,330.942947998252
219,,98-0072,NSD,462107101032,0.109*,A,Drainage/Boneyard,Boneyard Channel,NSD,201 E Bradley Ave,Flood Hazard Area,1,I1,4743.94590507185,295.058134240699
220,,,NSD,462107101033,0.355*,A,Drainage/Boneyard,Boneyard Channel,NSD,1106 N Clock St,Flood Hazard Area,1,I1,15460.3419530911,500.898675292902
221,,,NSD,462107151001,1.019*,A,Drainage/Boneyard,Boneyard Channel,NSD,738 N Market,Flood Hazard Area,1,I1,44409.8513403297,960.209035877316
222,,,NSD,462107151003,0.358*,A,Drainage/Boneyard,Boneyard Channel,NSD,720 N Market,Flood Hazard Area,1,I1,15618.1222791357,512.551098348077
223,PWD Storage,,PWD,462107151004,0.102*,A,Drainage/Boneyard,Public Works Storage,PWD,718 N Market,Flood Hazard Area,1,I1,4470.62456504722,344.665519377876
224,PWD Storage,,PWD,462107151005,0.102*,A,Drainage/Boneyard,Public Works Storage,PWD,716 N Market,Flood Hazard Area,1,I1,4463.18133031567,344.199047464778
225,PWD Storage,,PWD,462107151006,0.102*,A,Drainage/Boneyard,Public Works Storage,PWD,714 N Market,Flood Hazard Area,1,I1,4455.81447324212,343.733416178557
226,PWD Storage,,PWD,462107151007,0.102*,A,Drainage/Boneyard,Public Works Storage,PWD,712 N Market,Flood Hazard Area,1,I1,4448.35225029506,343.266535114577
227,PWD Storage,,PWD,462107151008,0.203*,A,Drainage/Boneyard,Public Works Storage,PWD,710 N Market,Flood Hazard Area,1,I1,8874.47435705571,406.19896624751
228,PWD Storage,,PWD,462107154046,10.41*,A,Drainage/Boneyard,Boneyard Channel Park,PWD,MLK Commons,Flood Hazard Area,2,SF 1,453804.689114407,3852.19584137352
229,,,PWD,462107159005,0.171*,A,Drainage/Boneyard,Boneyard Channel,PWD,509 N Oak,Flood Hazard Area,2,SF 2,7468.25953882257,369.085042140794
230,,,PWD,462107159006,0.111*,A,Drainage/Boneyard,Boneyard Channel,PWD,507 N Oak,Flood Hazard Area,2,SF 2,4850.09512832159,327.062733674559
231,,,PWD,462107159007,8.867*,A,Drainage/Boneyard,Boneyard Channel,PWD,505 1/2 N Oak,Flood Hazard Area,2,SF 2,3862.87981332561,311.217907081069
232,,,PWD,462107159008,5.076*,A,Drainage/Boneyard,Boneyard Channel,PWD,505 N Oak,Flood Hazard Area,2,SF 2,2211.25025596634,192.608063244052
233,,95-0124,PWD,462107159009,9.211*,A,Drainage/Boneyard,Boneyard Channel,PWD,503 N Oak,Flood Hazard Area,2,SF 2,4012.32581061358,349.493274492999
234,,,PWD,462107160003,0.239*,A,Drainage/Boneyard,Boneyard Channel,PWD,510 N Oak,Flood Hazard Area,2,SF 2,10420.8062416479,477.274041719629
235,,96-0198,PWD,462107160004,0.270*,A,Drainage/Boneyard,Boneyard Channel,PWD,508 N Oak,Flood Hazard Area,2,SF 2,11778.4932773517,517.673162669732
236,,,PWD,462107160005,0.093*,A,Drainage/Boneyard,Boneyard Channel,PWD,506 1/2 N Oak,Flood Hazard Area,2,SF 2,4077.86060276248,339.913888722847
237,,,PWD,462107160006,9.995*,A,Drainage/Boneyard,Boneyard Channel,PWD,506 N Oak,Flood Hazard Area,2,SF 2,4354.14861333466,358.494035237606
238,,94-0128,PWD,462107160007,9.409*,A,Drainage/Boneyard,Boneyard Channel,PWD,504 1/2 N Oak,Flood Hazard Area,2,SF 2,4098.82046318295,341.47614220136
239,,94-0164,PWD,462107160008,0.109*,A,Drainage/Boneyard,Boneyard Channel,PWD,504 N Oak,Flood Hazard Area,2,SF 2,4783.96241797964,366.283646180035
240,,,PWD,462107160009,1.772*,A,Drainage/Boneyard,Boneyard Channel,PWD,108 E Washington,Flood Hazard Area,2,SF 2,771.960308126643,161.587089024101
241,,,PWD,462107160010,0.175*,A,Drainage/Boneyard,Boneyard Channel,PWD,108 E Washington,Flood Hazard Area,2,SF 2,7637.08234417108,361.877804889322
242,,,PWD,462107160011,4.801*,A,Drainage/Boneyard,Boneyard Channel,PWD,511 N Second,Boneyard Phase III,2,SF 2,2091.62386844181,201.962013761191
243,,,PWD,462107160012,4.815*,A,Drainage/Boneyard,Boneyard Channel,PWD,509 N Second,Boneyard Phase III,2,SF 2,2097.7092561599,202.233338362574
244,,,PWD,462107160013,5.990*,A,Drainage/Boneyard,Boneyard Channel,PWD,507 N Second,Boneyard Phase III,2,SF 2,2609.59577673203,237.629922235789
245,,,PWD,462107160014,6.550*,A,Drainage/Boneyard,Boneyard Channel,PWD,505 N Second,Boneyard Phase III,2,SF 2,2853.40214677457,243.179792425878
246,,,PWD,462107160015,0.198*,A,Drainage/Boneyard,Boneyard Channel,PWD,110 E Washington,Boneyard Phase III,2,SF 2,8640.57339079782,393.995813169907
247,,,PWD,462107163014,0.203*,A,Greenspace,Bike Path RR,PWD,N&W RR ROW,Bike Path ,2,<Null>,8855.42110196786,534.011025907067
248,,,PRK,462107163014,0.122*,A,Greenspace,Bike Path RR,Parks,N&W RR ROW,Bike Path ,2,<Null>,5317.85431461385,347.777179248259
249,,,PRK,462107163014,0.162*,A,Greenspace,Bike Path RR,Parks,N&W RR ROW,Bike Path,2,<Null>,7067.17474771598,447.109745538723
250,,,PRK,462107163014,0.145*,A,Greenspace,Bike Path RR,Parks,N&W RR ROW,other,2,<Null>,6346.60525626757,382.495207307192
251,,,PRK,462107163014,0.180*,A,Greenspace,Bike Path RR,Parks,N&W RR ROW,other,2,,7847.53565423237,401.368615296472
252,,,PRK,462107163014,0.153*,A,Greenspace,Bike Path RR,Parks,N&W RR ROW,other,2,,6687.57856225189,388.766254542289
253,,,PRK,462107163014,0.397*,A,Drainage/Boneyard,Boneyard Channel,Parks,N&W RR ROW,Flood Hazard Area,2,SF 2,17324.8924076112,528.825776687909
254,Sourth part of RR ROW,,PRK,462107163014,0.260*,A,Drainage/Boneyard,Boneyard Channel,Parks,N&W RR ROW,Boneyard Phase III,2,SF 2,11337.6593809015,431.208620341986
255,,,NSD,462107176002,2.846*,E,Surplus Property,Vacant Lot,NSD,706 N Fourth,Developer future use,2,SF 1,1239.90390395459,141.98040308789
258,,,PRK,462107301001,0.283*,A,Drainage/Boneyard,Boneyard Channel,Parks,408 N First,Flood Hazard Area,2,MF 3,12367.8434673955,518.49657939093
259,,,PWD,462107301002,0.129*,A,Drainage/Boneyard,Boneyard Channel,PWD,107 E Washington,Flood Hazard Area,2,MF 3,5628.06322055764,303.913564162937
260,,,PWD,462107301005,0.198*,A,Drainage/Boneyard,Boneyard Channel,PWD,102 E Hill ,Flood Hazard Area,2,MF 3,8650.99165545778,395.08399907298
261,,,PWD,462107301006,0.198*,A,Drainage/Boneyard,Boneyard Channel,PWD,104 E Hill,Flood Hazard Area,2,MF 3,8657.95198510306,395.296465796505
262,,,PWD,462107301007,0.198*,A,Drainage/Boneyard,Boneyard Channel,PWD,106 E Hill,Flood Hazard Area,2,MF 3,8664.91068100856,395.509273217095
263,,96-0290,PWD,462107301008,0.199*,A,Drainage/Boneyard,Boneyard Channel,PWD,108 E Hill,Flood Hazard Area,2,MF 3,8671.89087730855,395.723075077222
264,,,PWD,462107302006,0.200*,A,Drainage/Boneyard,Boneyard Channel,PWD,107 E Hill,Flood Hazard Area,2,MF 3,8733.50343567,396.494372031319
265,,99-0211,PWD,462107302007,0.201*,A,Drainage/Boneyard,Boneyard Channel,PWD,109 E Hill,Flood Hazard Area,2,MF 3,8791.65597561642,397.255266126079
266,,94-0241,PWD,462107302008,7.337*,A,Drainage/Boneyard,Boneyard Channel,PWD,111 E Hill,Flood Hazard Area,2,MF 3,3196.40569720012,239.623661533099
267,,94-0126,PWD,462107302009,0.119*,A,Drainage/Boneyard,Boneyard Channel,PWD,305 N Second,Flood Hazard Area,2,MF 3,5189.99190166557,390.360421108501
268,,95-0051,PWD,462107302016,0.199*,A,Drainage/Boneyard,Boneyard Channel,PWD,112 E Church,Flood Hazard Area,2,SF 1,8695.86996468882,395.660508918556
269,,93-0197,PLN,462107303004,0.067*,D5,City Redevelopment,North First Street Plan,PLN,204 1/2 N First,North First Street Plan,2,CB,2951.57833849471,221.454218097524
270,,,PLN,462107303006,6.718*,D5,City Redevelopment,North First Street Plan,PLN,102 N First,North First Street Plan,2,CB,2926.50705414085,220.675883589754
271,,,PLN,462107303013,0.202*,D5,City Redevelopment,North First Street Plan,PLN,104 E Park,North First Street Plan,2,CB,8813.84900425979,399.082188319333
272,,93-0026,PWD,462107307001,0.118*,A,Drainage/Boneyard,Boneyard Channel,PWD,208 N Second St,Flood Hazard Area,2,SF 2,5146.81970803617,287.86820706641
273,,,PWD,462107307003,0.202*,A,Drainage/Boneyard,Boneyard Channel,PWD,203 E Church,Flood Hazard Area,2,SF 2,8814.71830920346,398.63119570911
274,,96-0289,PWD,462107307012,0.201*,A,Drainage/Boneyard,Boneyard Channel,PWD,206 E Park,Flood Hazard Area,2,MF 3,8784.74876162011,398.115471263519
275,,95-0021,PWD,462107307013,0.201*,A,Drainage/Boneyard,Boneyard Channel,PWD,208 E Park,Flood Hazard Area,2,MF 3,8780.44063253152,397.985878486722
276,Condemend housing also used for Amerin Parking,,NSD,462107327007,0.200*,E5,Surplus Property,Vacant Lot,NSD,411 E Hill,Developer future use,2,SF 1,8723.26008740673,389.465916263259
277,Condemend housing,,NSD,462107328014,0.081*,E5,Surplus Property,Vacant Lot,NSD,203 N Fifth,Developer future use,2,SF 1,3544.26859118649,239.852847655859
278,Part of Amerin clean up,,PWD,462107330003,6.748*,E5,Surplus Property,Vacant Lot,PWD,503 1/2 E Washington,Developer future use,2,SF 2,2939.84676382943,246.477349883031
279,Purchase for road re-do ROW,,PRK,462107338016,0.205*,A,Greenspace,ROW Green Space,Parks,612 E University,other,2,CG,8957.65895324869,401.355030480331
280,,,PWD,462107351009,0.202*,A,Drainage/Boneyard,Second St Detention Basins,PWD,131 E University,Boneyard Phase II,3,CB,8808.24827769911,397.319382756028
281,,,PWD,462107351012,9.576*,A,Drainage/Boneyard,Second St Detention Basins,PWD,108 E Clark,Boneyard Phase II,3,MF 2,4171.41696817542,258.487413151534
282,,,PWD,462107351013,0.202*,A,Drainage/Boneyard,Second St Detention Basins,PWD,110 E Clark,Boneyard Phase II,3,MF 2,8815.28966416318,397.668238048283
283,,,PWD,462107352006,0.269*,A,Drainage/Boneyard,Second St Detention Basins,PWD,109 E Clark,Boneyard Phase II,3,MF 2,11742.7545511054,441.777853940274
284,,94-0305,PWD,462107352007,5.775*,A,Drainage/Boneyard,Second St Detention Basins,PWD,111 E Clark,Boneyard Phase II,3,MF 2,2515.79465566799,210.48364303278
285,,,PWD,462107352008,4.774*,A,Drainage/Boneyard,Second St Detention Basins,PWD,111 1/2 E Clark,Flood Hazard Area,3,MF 2,2079.91160108688,198.268811385107
286,,,PWD,462107352009,9.745*,A,Drainage/Boneyard,Second St Detention Basins,PWD,203 S Second,Flood Hazard Area,3,MF 2,4244.90274508551,260.706178062955
287,,2001-225,PWD,462107352013,0.114*,A,Drainage/Boneyard,Second St Detention Basins,PWD,108 E White,Boneyard Phase II,3,MF 2,4972.54116337521,338.17540276234
288,,,PWD,462107352014,0.176*,A,Drainage/Boneyard,Second St Detention Basins,PWD,110 E White,Boneyard Phase II,3,MF 2,7706.10369902393,380.13692848557
289,,,PWD,462107352015,0.125*,A,Drainage/Boneyard,Second St Detention Basins,PWD,112 E White,Boneyard Phase II,3,MF 2,5458.40555119658,346.301810923943
290,,,PWD,462107352016,0.102*,A,Drainage/Boneyard,Second St Detention Basins,PWD,112 1/2 E White,Boneyard Phase II,3,MF 2,4461.0905535441,331.462206915392
291,,98-0219,PWD,462107352017,0.201*,A,Drainage/Boneyard,Second St Detention Basins,PWD,114 E White,Flood Hazard Area,3,MF 2,8776.33288984078,397.157624844583
292,,2000-181,PWD,462107352019,0.302*,A,Drainage/Boneyard,Second St Detention Basins,PWD,105 E Clark,Boneyard Phase II,3,MF 2,13159.9269093505,463.049238659949
293,,2000-181,PWD,462107353002,0.203*,A,Drainage/Boneyard,Second St Detention Basins,PWD,105 E White,Boneyard Phase II,3,MF 2,8858.40976153566,399.900353908652
294,,,PWD,462107353009,0.202*,A,Drainage/Boneyard,Second St Detention Basins,PWD,106 E Stoughton,Boneyard Phase II,3,MF 3,8837.83950655994,399.592777067253
295,,2008-180,PWD,462107353010,0.202*,A,Drainage/Boneyard,Second St Detention Basins,PWD,108 E Stoughton,Boneyard Phase II,3,MF 3,8829.80005561804,399.349797063671
296,,,PWD,462107353011,0.202*,A,Drainage/Boneyard,Second St Detention Basins,PWD,110 E Stoughton,Boneyard Phase II,3,MF 3,8821.72747844378,399.106764099631
297,,,PWD,462107354004,0.155*,A,Drainage/Boneyard,Second St Detention Basins,PWD,105 E Stoughton,Boneyard Phase II,3,MF 3,6759.14136936036,370.441122051233
298,,,PWD,462107354005,0.161*,A,Drainage/Boneyard,Second St Detention Basins,PWD,107 E Stoughton,Boneyard Phase II,3,MF 3,7021.51284815455,374.132177124037
299,,,PWD,462107354006,0.182*,A,Drainage/Boneyard,Second St Detention Basins,PWD,109 E Stoughton,Boneyard Phase II,3,MF 3,7956.88982232568,387.792683644079
300,,,PWD,462107354010,0.113*,A,Drainage/Boneyard,Second St Detention Basins,PWD,106 E Springfield,Boneyard Phase II,3,MF 3,4938.04376710799,281.626591884278
301,,,PWD,462107354011,0.113*,A,Drainage/Boneyard,Second St Detention Basins,PWD,108 E Springfield,Boneyard Phase II,3,MF 3,4932.82482717263,281.500176618594
302,,2009-006,PWD,462107354013,0.200*,A,Drainage/Boneyard,Second St Detention Basins,PWD,110 E Springfield,Boneyard Phase II,3,MF3,8742.34083771738,385.892432486493
303,,2009-006,PWD,462107354015,0.157*,A,Drainage/Boneyard,Second St Detention Basins,PWD,111 E Stoughton,Boneyard Phase II,3,MF 3,6854.73107985417,371.246644977624
304,,95-0086,PWD,462107354016,0.176*,A,Drainage/Boneyard,Second St Detention Basins,PWD,113 E Stoughton,Flood Hazard Area,3,MF 3,7666.65502161415,383.111237024241
305,,,PWD,462107355005,0.156*,A,Drainage/Boneyard,Univeristy Rain Garden,PWD,203 E University,Flood Hazard Area,3,CB,6798.70554742629,363.865246588906
306,,,PWD,462107355006,4.429*,A,Drainage/Boneyard,University Rain Garden,PWD,104 S Second,Flood Hazard Area,3,CB,1929.68054441591,279.789077546205
307,,,PWD,462107356001,0.200*,A,Drainage/Boneyard,Second St Rain Garden,PWD,201 E Clark,Flood Hazard Area,3,MF 2,8755.42783370479,397.159811028508
308,,,PWD,462107356002,5.499*,A,Drainage/Boneyard,Second St Rain Garden,PWD,203 E Clark,Boneyard Phase II,3,MF 2,2395.46713560302,210.860849694338
309,,,PWD,462107357005,0.198*,C,Parking/Alleys,Parking Lot,PWD,207 E White,other,3,MF 2,8654.90264299516,404.815246124528
310,,,PWD,462107357006,0.213*,C,Parking/Alleys,Parking Lot,PWD,209 E White,other,3,MF 2,9279.94726656313,413.545922699173
311,,,PWD,462107357007,0.278*,C,Parking/Alleys,Parking Lot,PWD,211 E White,other,3,MF 2,12128.0098515672,453.852159073399
312,,,PWD,462107357010,0.197*,C,Parking/Alleys,Parking Lot,PWD,206 E Stoughton,other,3,MF 3,8620.65259878531,404.466192214844
313,,,PWD,462107357011,0.199*,C,Parking/Alleys,Parking Lot,PWD,208 E Stoughton,other,3,MF 3,8676.86078623851,405.126746972183
314,,,PWD,462107357012,0.162*,C,Parking/Alleys,Parking Lot,PWD,210 E Stoughton,other,3,MF 3,7071.16647120127,382.218013365024
315,,,PWD,462107357013,0.162*,C,Parking/Alleys,Parking Lot,PWD,212 E Stoughton,other,3,MF 3,7061.87776947315,381.960390459995
316,,,PWD,462107357014,6.964*,C,Parking/Alleys,Parking Lot,PWD,305 S Third,other,3,MF 3,3033.78392166308,220.677184402613
317,,,PWD,462107357015,9.860*,C,Parking/Alleys,Parking Lot,PWD,214 E Stoughton,other,3,MF 3,4295.41966597682,269.085849313964
318,,,PWD,462107358004,0.203*,D,City Redevelopment,Vacant Lot Burnham,PWD,207 E Stoughton,Developer future use,3,MF 3,8878.59252605894,400.120813786182
319,,,PWD,462107358005,0.203*,D,City Redevelopment,Vacant Lot Burnham,PWD,209 E Stoughton,Developer future use,3,MF 3,8865.3253331906,399.719776688194
320,,,PWD,462107358006,0.101*,D,City Redevelopment,Vacant Lot Burnham,PWD,213 E Stoughton,Developer future use,3,MF 3,4422.22253053725,265.999437843575
321,,,PWD,462107358007,6.771*,D,City Redevelopment,Vacant Lot Burnham,PWD,403 S Third,Developer future use,3,MF 3,2949.6349872026,221.69749586054
322,,,PWD,462107358008,3.397*,D,City Redevelopment,Vacant Lot Burnham,PWD,405 S Third,Developer future use,3,MF 3,1480.12913995455,177.541870905061
323,,,PWD,462107379001,0.205*,C,Parking/Alleys,Parking Lot,PWD,401 E Stoughton,other,3,MF 3,8950.99154217902,403.084968301309
324,,,PWD,462107379002,0.205*,C,Parking/Alleys,Parking Lot,PWD,403 E Stoughton,other,3,MF 3,8938.49371707403,402.706682095499
325,,94-0283,PWD,462118104009,0.273*,A,Drainage/Boneyard,Multiuse Path/LAMAR Storage,PWD,606 S First,Boneyard Path,3,MF 3,11909.2392524357,514.991245736096
326,,94-0283,PWD,462118104010,0.274*,A,Drainage/Boneyard,Multiuse Path/LAMAR Storage,PWD,605 S Second,Boneyard Path,3,MF 3,11938.8566923899,516.109968115593
327,,97-0331,PWD,462118105004,0.146*,A,Drainage/Boneyard,Multiuse Path/LAMAR Storage,PWD,601 S Third,other,3,MF 3,6378.5591671999,324.502389325637
328,,97-0331,PWD,462118105005,7.798*,A,Drainage/Boneyard,Multiuse Path/LAMAR Storage,PWD,603 S Third,Boneyard Path,3,MF 3,3397.04612919624,235.589676074212
329,,,PWD,462118105006,0.276*,A,Drainage/Boneyard,Multiuse Path/LAMAR Storage,PWD,606 S Second,Boneyard Path,3,MF 3,12033.1917600458,519.419916502386
330,,97-0332,PWD,462118105007,0.141*,A,Drainage/Boneyard,Multiuse Path/LAMAR Storage,PWD,605 S Third,Boneyard Path,3,MF 3,6146.94922079051,324.428315514443
331,,97-0333,PWD,462118105008,0.135*,A,Drainage/Boneyard,Multiuse Path/LAMAR Storage,PWD,605 S Third,Boneyard Path,3,MF 3,5911.99046679055,316.655014439648
332,,,PWD,462118106010,0.324*,A,Drainage/Boneyard,Multiuse Path/LAMAR Storage,PWD,607 S Fourth,Boneyard Path,3,CB,14150.3347857374,944.667862699196
333,,,PWD,462118126003,0.199*,C,Parking/Alleys,Parking Lot,PWD,405 E Springfield,other,3,MF 3,8679.48783427433,395.333561991697
334,,,PWD,462118126004,0.199*,C,Parking/Alleys,Parking Lot,PWD,407 E Springfield,other,3,MF 3,8687.93104041045,395.588201762542
335,,,PWD,462118129018,9.809*,A,Drainage/Boneyard,Multiuse Path/LAMAR Storage,PWD,607 S Fifth,Boneyard Path,3,CB,4273.02281629318,412.059498976523
336,,,PWD,462118129019,8.104*,A,Drainage/Boneyard,Multiuse Path/LAMAR Storage,PWD,607 S Fifth,Boneyard Path,3,CB,3530.27371250095,387.041193198414
337,,,PWD,462118129026,1.098*,A,Drainage/Boneyard,Multiuse Path/LAMAR Storage,PWD,Fifth & Green,Boneyard Path,3,CB,478.625715868181,243.080582241969
338,,,PWD,462118130004,0.181*,C,Parking/Alleys,Parking Lot,PWD,505 1/2 E Healey,other,3,CB,7894.63359255366,447.382394478534
339,,,PWD,462118130005,0.141*,C,Parking/Alleys,Parking Lot,PWD,507 E Healey,other,3,CB,6146.27555139653,447.839145080256
340,,,PWD,462118130006,0.496*,C,Parking/Alleys,Parking Lot,PWD,509 E Healey,other,3,CB,21634.7873901737,625.192678001048
341,,,PWD,462118130013,0.227*,C,Parking/Alleys,Parking Lot,PWD,524 E Green,other,3,CB,9895.31067068629,477.735509362884
342,,,PWD,462118130014,0.164*,C,Parking/Alleys,Parking Lot,PWD,530 E Green,other,3,CB,7176.77586987267,431.145633685968
343,,,PWD,462118130018,1.267*,A,Drainage/Boneyard,Multiuse Path/LAMAR Storage,PWD,508 E Green,Boneyard Path,3,CB,552.170125286013,97.9124576060585
344,,,PWD,462118157009,0.174*,C,Parking/Alleys,Parkettes,PWD,E Armory Frist Chalmers Second,other,3,MF 3,7601.43761059784,363.356191882073
345,,,PWD,462118159007,0.203*,C,Parking/Alleys,Parkettes,PWD,E Armory Third Chalmers Fourth,other,3,MF 3,8867.70563953415,398.90178151871
346,Old Landfill,,PWD,121428300009,91.06*,A,Greenspace,Landfill,PWD,3616 Bloomington Rd,other,103,,3966492.60785058,9886.27174819916
347,,,PWD,462107302015,0.199*,A,Drainage/Boneyard,Boneyard Channel,PWD,110 E Church,Flood Hazard Area,2,SF 1,8703.70801775227,395.897815458277
348,,,PWD,422012408004,0.135*,C,Parking/Alleys,Parking Deck,PWD,115 W Hill,other,100,CB,5905.48948766059,356.651632229801
349,,,PWD,422012408005,0.136*,C,Parking/Alleys,Parking Deck,PWD,109 W Hill,other,100,CB,5934.12832248698,357.234106950168
350,,,PWD,462107355002,5.162*,A,Drainage/Boneyard,University Rain Gardne,PWD,203 1/2 E University,Boneyard Phase II,3,CB,2248.86607915641,216.345944204452
351,,2006-325,PWD,462107353006,0.202*,A,Drainage/Boneyard,Second St Detention Basins,PWD,113 E White,Flood Hazard Area,3,MF 2,8834.23598453436,399.171920544557
352,,CB#2001-225,PWD,422012280009,0.132*,A,Drainage/Boneyard,Boneyard Channel,PWD,701 N Walnut,Flood Hazard Area,1,SF 1,5765.59128516936,352.627880019388
353,,2009-145,PWD,462107353012,0.202*,A,Drainage/Boneyard,Second St Detention Basins,PWD,Parking Lot,Flood Hazard Area,3,MF 3,8813.67689432623,398.864346147418
354,,,PWD,462107353005,0.104*,A,Drainage/Boneyard,Second St Detention Basins,PWD,111 E White,Boneyard Phase II,3,MF 2,4536.15294898151,334.832534942169
355,,,PWD,462107353013,0.302*,A,Drainage/Boneyard,Second St Detention Basins,PWD,107 E White,Boneyard Phase II,3,MF 2,13156.4598199357,464.120634071473
356,,,PWD,462107355001,6.996*,A,Drainage/Boneyard,University Rain Gardne,PWD,201 E University,Boneyard Phase II,3,CB,3047.66319619787,236.088493764902
357,,2009-190,PWD,462107351014,0.202*,A,Drainage/Boneyard,Second St Detention Basins,PWD,112 E Clark,Flood Hazard Area,3,MF 2,8799.16299864054,397.186556986058
358,,,PWD,462107355023,5.893*,A,Drainage/Boneyard,Second St Detention Basins,PWD,202 E Clark,Flood Hazard Area,3,MF 2,2567.3919344628,302.324872112983
359,Farmed/Reject Station #3 site,,CFD,411435225002,2.143*,E,Surplus Property,Vacant Field,CFD,3209 Boardwalk,Developer future use,19,I1,93379.1887328323,1333.83082297961
360,,,PLN,462107302002,5.023*,D5,City Redevelopment,North First Street Plan,PLN,306 1/2 N First,North First Street Plan,2,CB,2188.16114015508,198.335573981069
361,,,PLN,462107302003,5.004*,D5,City Redevelopment,North First Street Plan,PLN,306 N First,North First Street Plan,2,CB,2179.90071422805,197.955768968517
363,,2010-165,NSD,412001486008,0.173*,D,City Redevelopment,NSP Grant,NSD,1209 N Market St,NSD Affordable Housing Sale,1,MF 1,7548.42215837201,361.885882363279
364,Vacant lot north of the Ice House,,PWD,422012205001,0.313*,A,Drainage/Boneyard,Boneyard,PWD,813 N State,Boneyard detention basin,4,CI,13652.2533108329,648.096519727226
365,Old Ice House ,,PWD,422012205002,1.079*,A,Drainage/Boneyard,Boneyard,PWD,811 N State,Boneyard detention basin,4,CI,47017.6686783895,1001.61722308711
366,Robinson Ct,,PWD,412011181015,0.151*,A,Drainage/Copper Slough,Detention Basin,PWD,1308 W Washington,West Washington Basin,9,,6596.00686006927,331.909414718226
367,Robinson Ct,,PWD,412011181014,0.153*,A,Drainage/Copper Slough,Detention Basin,PWD,503 Robinson Ct,West Washington Basin,9,,6669.51169677458,334.117306298161
368,Robinson Ct,,PWD,412011181015,0.154*,A,Drainage/Copper Slough,Detention Basin,PWD,1308 W Washington,West Washington Basin,9,,6719.90311038044,337.705458575712
369,Robinson Ct,,PWD,412011181013,0.154*,A,Drainage/Copper Slough,Detention Basin,PWD,505 Ronbinson Ct,West Washington Basin,9,,6746.72731399928,338.256039170185
370,Robinson Ct,,PWD,412011181012,0.161*,A,Drainage/Copper Slough,Detention Basin,PWD,507 Robinson Ct,West Washington Basin,9,,7043.87499109337,472.485003046719
371,Robinson Ct,,PWD,412011181011,0.164*,A,Drainage/Copper Slough,Detention Basin,PWD,509 Robinson Ct,West Washington Basin,9,,7154.49902240215,398.889757008386
372,Robinson Ct,,PWD,412011182015,0.126*,A,Drainage/Copper Slough,Detention Basin,PWD,510 Robinson Ct,West Washington Basin,9,,5493.07401028834,377.560055765785
373,Robinson Ct,,PWD,412011182016,0.146*,A,Drainage/Copper Slough,Detention Basin,PWD,508 Robinson Ct,West Washington Basin,9,,6393.77713746008,332.773011896269
374,Robinson Ct,,PWD,412011182007,0.183*,A,Drainage/Copper Slough,Detention Basin,PWD,506 Robinson Ct,West Washington Basin,9,,7996.70103663712,372.619326865365
375,Robinson Ct,,PWD,412011182008,0.198*,A,Drainage/Copper Slough,Detention Basin,PWD,1306 W Washington,West Washington Basin,9,,8644.88217868891,394.039208666037
376,Robinson Ct,,PWD,412011182009,0.180*,A,Drainage/Copper Slough,Detention Basin,PWD,1304 W Washington,West Washington Basin,9,,7858.98961831745,382.04200078337
377,,,PWD,412011181006,0.164*,A,Drainage/Copper Slough,Drainage/Greenspace,PWD,510 N Garfield,RainGarden,9,,7145.18422265505,358.991867811892
378,,,PWD,,0.458*,A,Drainage/Copper Slough,Drainage/Greenspace,PWD,Robinson Ct,West Washington Basin,9,,19989.5217427047,775.349465997438
379,,,NSD,462106356004,0.139*,D,City Redevelopment,Bristol Park Plan,NSD,207 Bellefontaine St,Bristol Park Plan,1,SF 1,6068.41144151742,341.660836240207
380,,2015-155,LEG,462106355015,9.560*,D,City Redevelopment,Bristol Park Plan,LEG,214 Bellefontaine St,Bristol Park Plan,1,SF 1,4164.54831702559,274.496614089759
381,,2015-155,LEG,462106353015,0.154*,D,City Redevelopment,Bristol Park Plan,LEG,1307 N Clock St,Bristol Park Plan,1,SF 1,6749.23608688451,389.743867059709
382,,2015-155,LEG,462106354004,0.322*,D,City Redevelopment,Bristol Park Plan,LEG,1208 N Market St,Bristol Park Plan,1,SF 1,14037.6126855674,555.012265340102
383,,2015-155,LEG,462106356003,0.139*,D,City Redevelopment,Bristol Park Plan,LEG,205 Bellefontaine St,Bristol Park Plan,1,SF 1,6066.538204658,341.553282180247
384,,2015-155,LEG,462106356012,0.139*,D,City Redevelopment,Bristol Park Plan,LEG,1307 N Chestnut St,Bristol Park Plan,1,SF 1,6065.62953194584,361.160153632661
385,,2015-155,LEG,462106356013,0.123*,D,City Redevelopment,Bristol Park Plan,LEG,1305 N Chestnut St,Bristol Park Plan,1,SF 1,5389.07283205153,331.183319735031
386,,2015-198,LEG,462106357003,0.137*,D,City Redevelopment,Bristol Park Plan,LEG,205 Garwood St,Bristol Park Plan,1,SF 1,6000.41485425219,339.977041520222
387,,2015-155,LEG,462106352018,0.145*,D,City Redevelopment,Bristol Park Plan,LEG,114 Bellefontaine St,Bristol Park Plan,1,SF 1,6318.43305435861,352.706704959574
388,,2015-155,LEG,462106355009,0.143*,D,City Redevelopment,Bristol Park Plan,LEG,204 Bellefontaine St,Bristol Park Plan,1,SF 1,6271.01747129761,350.088215628792
389,,96-0010,PWD,462106354017,0.137*,A,Drainage/Boneyard,Boneyard Channel,PWD,110 E Bradley Ave,Flood Hazard Area,1,SF 1,5968.69715757313,337.297716194252
390,,,PWD,462106354019,7.095*,A,Drainage/Boneyard,Boneyard Channel,PWD,112 E Bradley Ave,Flood Hazard Area,1,SF 1,3090.57455387325,223.078280069388
391,,2015-155,LEG,462106355002,0.145*,D,City Redevelopment,Bristol Park Plan,LEG,203 Roper St,Bristol Park Plan,1,SF 1,6357.19262580459,353.446325214643
392,,2015-155,LEG,462106357009,0.143*,D,City Redevelopment,Bristol Park Plan,LEG,1204 N Clock St,Bristol Park Plan,1,SF 1,6257.68411503556,350.481726442765
393,,2015-155,LEG,462106356008,0.130*,D,City Redevelopment,Bristol Park Plan,LEG,1306 N Clock St,Bristol Park Plan,1,SF 1,5687.94481686713,342.340870800348
394,,2015-155,LEG,462106357017,0.108*,D,City Redevelopment,Bristol Park Plan,LEG,1203 N Chestnut St,Bristol Park Plan,1,SF 1,4744.4835824201,280.594831683692
395,,2015-155,LEG,462106357018,5.869*,D,City Redevelopment,Bristol Park Plan,LEG,212 E Bradley Ave,Bristol Park Plan,1,SF 1,2556.60082057806,207.883797288373
396,Judicial process after demolition of structure,,LEG,412011228007,0.142*,E,Surplus Property,Vacant Lot,LEG,1013 W Eureka,other,9,SF 1,6218.91361568088,347.848435492115
397,Duplex,2015-155,LEG,462106355003,0.291*,D,City Redevelopment,Bristol Park Plan,LEG,205-207 Roper St,Bristol Park Plan,1,SF 1,12692.7048066716,453.565855217653
398,,2015-155,LEG,462106353020,0.137*,D,City Redevelopment,Bristol Park Plan,LEG,116 Garwood St,Bristol Park Plan,1,SF 1,5980.7453652284,339.393716115535
399,,2015-155,LEG,462106357010,6.849*,D,City Redevelopment,Bristol Park Plan,LEG,1202 N Clock St,Bristol Park Plan,1,SF 1,2983.43859969073,219.485293777219
400,,2015-155,LEG,462106356014,7.364*,D,City Redevelopment,Bristol Park Plan,LEG,1303 N Chestnut St,Bristol Park Plan,1,SF 1,3207.86340829507,242.123989966493
401,,255-0155,LEG,462106356006,9.876*,D,City Redevelopment,Bristol Park Plan,LEG,211 Bellefontaine St,Bristol Park Plan,1,SF 1,4302.35443272878,318.91711393319
402,,2015-155,NSD,462106353012,0.092,D,City Redevelopment,Bristol Park Plan,NSD,1313 N Clock St,Bristol Park Plan,1,SF 1,3999.56185491585,279.850879447532
403,,2015-155,LEG,462106355001,0.146,D,City Redeveloment,Bristol Park Plan,LEG,201 Roper St,Bristol Park Plan,1,SF 1,6364.40412738851,353.733244141274
404,,2015-155,LEG,462106353010,0.138,D,City Redeveloment,Bristol Park Plan,LEG,113 Bellefontaine St,Bristol Park Plan,1,SF 1,5999.31445402765,340.137217326117
405,,N/A,LEG,462106357016,0.135,D,City Redevelopment,Bristol Park Plan,LEG,1205 N Chestnut St,Bristol Park Plan,1,SF 1,5898.84105436547,338.723937524168
406,,2015-155,LEG,462106356015,0.11,D,City Redevelopment,Bristol Park Plan,LEG,208 Garwood St,Bristol Park Plan,1,SF 1,4813.17661488446,284.748724911852
407,,2015-155,LEG,462106351013,0.227,D,City Redevelopment,Bristol Park Plan,LEG,204 Roper St,Bristol Park Plan,1,SF 1,9870.9182523063,477.961922780848
408,,2015-155,LEG,462106355010,0.144,D,City Redevelopment,Bristol Park Plan,LEG,206 Bellefontaine St,Bristol Park Plan,1,SF 1,6278.23298699676,350.375480696418
409,,2015-198,LEG,462106357004,0.138,D,City Redevelopment,Bristol Park Plan,LEG,207 Garwood St,Bristol Park Plan,1,SF 1,6002.62163645146,340.066282501816
410,,2015-155,LEG,462106355011,0.144,D,City Redevelopment,Bristol Park Plan,LEG,208 Bellefontaine St,Bristol Park Plan,1,SF 1,6285.50643469115,350.664074642176
411,"Sheriff's Deed, demolished by City in 2015",,LEG,412011231007,0.16,D,City Redevelopment,Vacant Lot,LEG,909 W Beardsley Ave,Other,9,SF 1,6967.44758652661,371.583501209787
412,,2016-133,NSD,462106354003,0.193,D,City Redevelopment,Bristol Park Plan,LEG,1210 N Market St,Bristol Park Plan,1,SF 1,8389.48288001978,428.874337960915
413,,2015-155,LEG,462106352013,0.144,D,City Redevelopment,Bristol Park Plan,LEG,104 Bellefontaine St,Bristol Park Plan,1,SF 1,6285.55453663835,351.391998508969
414,,2015-155,LEG,462106351004,0.207,D,City Redevelopment,Bristol Park Plan,LEG,106 Roper St,Bristol Park Plan,1,SF 1,8997.65058800658,460.280406513666
415,,2015-155,LEG,462106353018,0.193,D,City Redevelopment,Bristol Park Plan,LEG,112 Garwood St,Bristol Park Plan,1,SF 1,8391.25144165973,386.424783126418
416,,2015-155,LEG,462106353016,0.192,D,City Redevelopment,Bristol Park Plan,LEG,108 Garwood St,Bristol Park Plan,1,SF 1,8348.05012068233,385.114021228005
417,,,PWD,412011301001,0.189,A,Drainage/W Washington St,West Washington St. Drainage Improvement Project,PWD,1716 W Glen Park,Drainage Improvement Project,9,SF 2,8222.60948596688,409.078922370934
418,,,PWD,412011301002,0.189,A,Drainage/W Washington St,West Washington St. Drainage Improvement Project,PWD,1714 W Glen Park,Drainage Improvement Project,9,SF 2,8224.85374929779,409.160606528727
419,,,PWD,412011301003,0.189,A,Drainage/W Washington St,West Washington St. Drainage Improvement Project,PWD,1712 W Glen Park,Drainage Improvement Project,9,SF 2,8227.096001723,409.241959027178
420,,,PWD,412011301004,0.189,A,Drainage/W Washington St,West Washington St. Drainage Improvement Project,PWD,1710 W Glen Park,Drainage Improvement Project,9,SF 2,8229.34029519274,409.32363599261
421,,,PWD,412011301005,0.189,A,Drainage/W Washington St,West Washington St. Drainage Improvement Project,PWD,1708 W Glen Park,Drainage Improvement Project,9,SF 2,8231.59559170297,409.405644871303
422,,,PWD,412011301006,0.189,A,Drainage/W Washington St,West Washington St. Drainage Improvement Project,PWD,1706 W Glen Park,Drainage Improvement Project,9,SF 2,7380.4126198744,398.083060340278
423,,,PWD,412011301007,0.189,A,Drainage/W Washington St,West Washington St. Drainage Improvement Project,PWD,1704 W Glen Park,Drainage Improvement Project,9,SF 2,8235.87016766422,409.560468947758
424,,,PWD,412011301008,0.189,A,Drainage/W Washington St,West Washington St. Drainage Improvement Project,PWD,1702 W Glen Park,Drainage Improvement Project,9,SF 2,9885.95122349377,431.649421706716
425,,,PWD,412011306001,0.206,A,Drainage/W Washington St,West Washington St. Drainage Improvement Project,PWD,1620 W Glen Park,Drainage Improvement Project,9,SF 2,9417.51434131385,425.537189694577
426,,,PWD,412011306002,0.206,A,Drainage/W Washington St,West Washington St. Drainage Improvement Project,PWD,1618 W Glen Park,Drainage Improvement Project,9,SF 2,15253.6712131625,503.440652349936
427,,,PWD,412011306003,0.206,A,Drainage/W Washington St,West Washington St. Drainage Improvement Project,PWD,1616 W Glen Park,Drainage Improvement Project,9,SF 2,8976.30502398946,419.800222170011
428,,,PWD,412011306004,0.206,A,Drainage/W Washington St,West Washington St. Drainage Improvement Project,PWD,1614 W Glen Park,Drainage Improvement Project,9,SF 2,8724.54055545343,416.498888807875
429,,,PWD,412011306005,0.206,A,Drainage/W Washington St,West Washington St. Drainage Improvement Project,PWD,1612 W Glen Park,Drainage Improvement Project,9,SF 2,7185.01625094917,396.036973748025
430,,,PWD,412011306006,0.206,A,Drainage/W Washington St,West Washington St. Drainage Improvement Project,PWD,1610 W Glen Park,Drainage Improvement Project,9,SF 2,8983.67912541484,420.050302776366
431,,,PWD,412011152002,6.935,A,Drainage/W Washington St,West Washington St. Drainage Improvement Project,PWD,1700 W Washington,Drainage Improvement Project,9,I 2,302098.001093156,2534.77368225556
432,,2016-133,LEG,462106351010,0.227,D,City Redevelopment,Bristol Park Plan,LEG,118 Roper St,Bristol Park Plan,1,SF 1,9894.52575844536,478.858011997516
433,,2016-133,LEG,462106352015,0.145,D,City Redevelopment,Bristol Park Plan,LEG,108 Bellefontaine St,Bristol Park Plan,1,SF 1,6298.68954684744,351.917621919378
434,,,LEG,462106352019,0.145,D,City Redevelopment,Bristol Park Plan,LEG,116 Bellefontaine St,Bristol Park Plan,1,SF 1,6324.96286014794,352.968852337107
435,,2016-196,LEG,"462106352020
",0.145,D,City Redevelopment,Bristol Park Plan,LEG,116 Bellefontaine St,Bristol Park Plan,1,SF 1,6331.55541562426,353.231995994948
436,Judicial process,,LEG,462107183002,0.201,D,City Redevelopment,,LEG,507 E Columbia Ave,Other,2,SF 1,8751.36428922947,397.360021304684
437,,2015-155,LEG,462106352011,0.143,D,City Redevelopment,Bristol Park Plan,LEG,117 Roper St,Bristol Park Plan,1,SF 1,6239.51268208509,349.551021167267
438,,2016-133,LEG,462106355008,0.144,D,City Redevelopment,Bristol Park Plan,LEG,202 Bellefontaine St,Bristol Park Plan,1,SF 1,6263.81802217744,349.80160766998
439,,2016-217,LEG,462106353008,0.291,D,City Redevelopment,Bristol Park Plan,LEG,109 Bellefontaine St,Bristol Park Plan,1,SF 1,12669.9451847343,516.233553613234
440,,2016-133,LEG,462106351012,0.227,D,City Redevelopment,Bristol Park Plan,LEG,202 Roper St,Bristol Park Plan,1,SF 1,9878.74951514548,478.260080232611
441,,2016-167,NSD,"462106356010
",0.139,D,City Redevelopment,Bristol Park Plan,LEG,204 Garwood St,Bristol Park Plan,1,SF 1,6072.08760963729,341.65778508161
442,Bristol Park Plan,2017-073,NSD,462106351001,0.194,D,City Redevelopment,Bristol Park Plan,LEG,1414 N Market St,Bristol Park Plan,1,MF 1,8471.55182687114,414.645445485462
443,,2016-133,PWD,462106354018,0.067,A,Drainage/Boneyard,Boneyard Channel,PWD,1201 Clock St,Flood Hazard Area,1,SF 1,2935.76494440628,217.226949376553
444,,,PWD,462107307002,0.084,A,Drainage/Boneyard,Boneyard Channel,PWD,206 N Second St,Flood Hazard Area,2,SF 2,3672.19744033869,243.33842946881
445,,2017-073,LEG,462106352005,0.144,D,City Redevelopment,Bristol Park Plan,LEG,105 Roper St,Bristol Park Plan,1,SF 1,6278.96661888192,351.128862623071
446,,2017-073,LEG,462106351009,0.227,D,City Redevelopment,Bristol Park Plan,LEG,116 Roper St,Bristol Park Plan,1,SF 1,9902.47420885398,479.15843978702
447,,2017-107,LEG,462106352010,0.143,D,City Redevelopment,Bristol Park Plan,LEG,115 Roper St,Bristol Park Plan,1,SF 1,6246.08439161005,349.813833299396
448,,2016-234,LEG,462106352016,0.145,D,City Redevelopment,Bristol Park Plan,LEG,110 Bellefontaine St,Bristol Park Plan,1,SF 1,6305.26082366493,352.180425427062
449,,2016-234,LEG,462106352017,0.145,D,City Redevelopment,Bristol Park Plan,LEG,112 Bellefontaine St,Bristol Park Plan,1,SF 1,6311.8325354503,352.443237559241
451,Acquired through judicial process - outstanding liens,,LEG,422012129015,0.172,,,,LEG,404 W Eureka,,1,SF 1,7475.52812248677,376.43035585841
452,,93-0265,PWD,462106354016,0.11,A,Drainage/Boneyard,Boneyard Channel,PWD,108 E Bradley Ave,Flood Hazard Area,1,SF 1,4793.84012009051,290.885589616213
454,,2017-143,LEG,462106352014,0.144,D,City Redevelopment,Bristol Park Plan,LEG,106 Bellefontaine St,Bristol Park Plan,1,SF 1,6292.08911421153,351.654154529431
455,,2016-213,LEG,46210635700008,0.144,D,City Redevelopment,Bristol Park Plan,LEG,1206 N Clock St,Bristol Park Plan,1,SF 1,6279.75998506428,351.366263446157
456,,2016-213,LEG,462106357002,0.138,D,City Redevelopment,Bristol Park Plan,LEG,203 Garwood St,Bristol Park Plan,1,SF 1,5998.15351915855,339.887143986471
457,,2016-213,LEG,462106357019,0.325,D,City Redevelopment,Bristol Park Plan,LEG,1209 N Chestnut St,Bristol Park Plan,1,SF 1,14173.8001578603,488.95787013453
458,,2017-073,LEG,462106352009,0.144,D,City Redevelopment,Bristol Park Plan,LEG,113 Roper St,Bristol Park Plan,1,SF 1,6252.66408905479,350.07696918459
459,,2017-073,LEG,462106351007,0.228,D,City Redevelopment,Bristol Park Plan,LEG,112 Roper St,Bristol Park Plan,1,SF 1,9918.20330054851,479.760234547088
460,,2017-073,LEG,462106352006,0.144,D,City Redevelopment,Bristol Park Plan,LEG,107 Roper St,Bristol Park Plan,1,SF 1,6272.36649285477,350.865403004716
461,,2017-073,LEG,462106352007,0.144,D,City Redevelopment,Bristol Park Plan,LEG,109 Roper St,Bristol Park Plan,1,SF 1,6265.807271784,350.60259172431
462,,2017-107,LEG,462106352001,0.127,D,City Redevelopment,Bristol Park Plan,LEG,1410 N Market St,Bristol Park Plan,1,SF 1,5543.45039053885,321.139813513338
463,,2017-030,LEG,462106351011,0.227,D,City Redevelopment,Bristol Park Plan,LEG,200 Roper St,Bristol Park Plan,1,SF 1,9886.69629769285,478.558890770584
464,,2017-180,LEG,462106353017,0.192,D,City Redevelopment,Bristol Park Plan,LEG,110 Garwood St,Bristol Park Plan,1,SF 1,8369.65774568922,385.769564484458
465,,2016-133,LEG,462106351014,0.227,D,City Redevelopment,Bristol Park Plan,LEG,206 Roper St,Bristol Park Plan,1,SF 1,9870.41457473206,477.744144086339
466,Sheriff's Sale,N,LEG,412002381001,0.157,D,City Redevelopment,Sheriff's Sale,LEG,1432 Holly Hill Dr,,8,SF 1,6847.33547598916,328.919025534885
467,,,LEG,462106353014,0.154*,,City Redevelopment,Bristol Park Plan,LEG,1309 N Clock St,Bristol Park Plan,1,SF 1,6749.28383782199,389.744523189251
468,,,LEG,462106357007,0.144*,,City Redevelopment,Bristol Park Plan,LEG,1208 N Clock St,Bristol Park Plan,1,SF 1,6276.60936831171,351.849543682864
469,,,LEG,462106356007,0.130*,,City Redevelopment,Bristol Park Plan,LEG,1308 N Clock St,Bristol Park Plan,1,SF 1,5686.1126202659,342.276705260077
470,,,LEG,462106353013,9.181*,,City Redevelopment,Bristol Park Plan,LEG,1311 N Clock St,Bristol Park Plan,1,SF 1,3999.5535938091,279.850541032404
471,,,LEG,462106352012,0.143*,,City Redevelopment,Bristol Park Plan,LEG,119 Roper St,Bristol Park Plan,1,SF 1,6232.94140300719,349.288217659634
472,,,LEG,462106355006,0.145*,,City Redevelopment,Bristol Park Plan,LEG,213 Roper St,Bristol Park Plan,1,SF 1,6322.53599243571,352.032534366739
473,,,LEG,462106355007,9.731*,,City Redevelopment,Bristol Park Plan,LEG,215 Roper St,Bristol Park Plan,1,SF 1,4239.09544505604,325.46504110504
474,,,LEG,462106352008,0.143*,,City Redevelopment,Bristol Park Plan,LEG,111 Roper St,Bristol Park Plan,1,SF 1,6259.25599482408,350.340104207487
475,,,LEG,462106355005,0.145*,,City Redevelopment,Bristol Park Plan,LEG,211 Roper St,Bristol Park Plan,1,SF 1,6329.80443611581,352.320618501715
476,,,LEG,462106351008,0.227*,,City Redevelopment,Bristol Park Plan,LEG,114 Roper St,Bristol Park Plan,1,SF 1,9910.33260481945,479.459183459418
477,,,LEG,462106351005,0.206*,,City Redevelopment,Bristol Park Plan,LEG,108 Roper St,Bristol Park Plan,1,SF 1,8990.70692900851,459.99571792813
478,,,LEG,462106351006,0.206*,,City Redevelopment,Bristol Park Plan,LEG,110 Roper St,Bristol Park Plan,1,SF 1,8983.73891073277,459.711576347094
480,,,LEG,462106355004,0.145*,,City Redevelopment,Bristol Park Plan,LEG,209 Roper St,Bristol Park Plan,1,SF 1,6335.52040521509,352.583973880444
481,,,LEG,462106355014,9.164*,,City Redevelopment,Bristol Park Plan,LEG,1403 N Chestnut St,Bristol Park Plan,1,SF 1,3992.02399475722,292.981857729285
482,,,LEG,462106355012,0.144*,,City Redevelopment,Bristol Park Plan,LEG,210 Bellefontaine St,Bristol Park Plan,1,SF 1,6292.69574440973,350.951024167157
483,,,LEG,462106355013,8.012*,,City Redevelopment,Bristol Park Plan,LEG,212 Bellefontaine St,Bristol Park Plan,1,SF 1,3490.33794097682,257.951413858506
484,,,LEG,462106353009,0.290*,,City Redevelopment,Bristol Park Plan,LEG,111 Bellefontaine St,Bristol Park Plan,1,SF 1,12669.9391473349,516.23354671306
485,,,LEG,462106353007,0.290*,,City Redevelopment,Bristol Park Plan,LEG,107 Bellefontaine St,Bristol Park Plan,1,SF 1,12669.9445216262,516.233546712998
486,,,LEG,462106356001,0.139*,,City Redevelopment,Bristol Park Plan,LEG,201 Bellefontaine St,Bristol Park Plan,1,SF 1,6059.88710321544,341.289117113207
491,,,LEG,462106357006,0.150*,,City Redevelopment,Bristol Park Plan,LEG,211 Garwood St,Bristol Park Plan,1,SF 1,6548.42850074701,355.568470290681
492,,,LEG,462106356009,0.139*,,City Redevelopment,Bristol Park Plan,LEG,202 Garwood St,Bristol Park Plan,1,SF 1,6066.18526691943,341.423993431835
493,,,LEG,462106353019,0.137*,,City Redevelopment,Bristol Park Plan,LEG,114 Garwood St,Bristol Park Plan,1,SF 1,5968.33011534714,338.896977112403
494,,,LEG,462106353021,0.137*,,City Redevelopment,Bristol Park Plan,LEG,118 Garwood St,Bristol Park Plan,1,SF 1,5993.12174081067,339.889805887343
495,,,LEG,462106357005,0.137*,,City Redevelopment,Bristol Park Plan,LEG,209 Garwood St,Bristol Park Plan,1,SF 1,6004.8893162529,340.15650481602
496,,,LEG,462106357011,4.731*,,City Redevelopment,Bristol Park Plan,LEG,206 E Bradley Ave,Bristol Park Plan,1,SF 1,2061.24992397628,182.173897453588
497,,,LEG,462106357012,0.115*,,City Redevelopment,Bristol Park Plan,LEG,208 E Bradley Ave,Bristol Park Plan,1,SF 1,5009.99177928459,302.645200287841
498,,,LEG,462106357013,0.115*,,City Redevelopment,Bristol Park Plan,LEG,210 E Bradley Ave,Bristol Park Plan,1,SF 1,5026.55036392951,303.322036267411
499,Bristol Park Plan,,LEG,462106352003,0.127*,,City Redevelopment,Bristol Park Plan,LEG,1406 N Market St,Bristol Park Plan,1,MF 1,5543.46445245517,321.140145029117
500,,,LEG,462106351003,0.171*,,City Redevelopment,Bristol Park Plan,LEG,1412 N Market St,Bristol Park Plan,1,MF 1,7492.00771826709,400.620962772378
869,"No PIN, court order 2018-ED-01",CB 2018-053,,,0.044,,,,,,,,,1934.70896217677,363.164222304364
872,,,,412002376003,0.161,,,,,1515 Holly HIll Dr,,,,6999.98947710415,339.999810392999
874,,,,412002381017,0.144,,,,,1319 Hedge Rd,,,,6272.24601816169,323.104357963996
879,Stormwater Land Acquisition and Recollection Plan (2019-030),2019-030,LEG,412002303017,0.138,,Stormwater Land Acquisition and Recollection Plan ,,LEG,1608 Hedge Rd,Stormwater management,,,6016.70640925235,320.556987072042
880,Stormwater Land Acquisition and Recollection Plan (2019-030),2019-030,LEG,412002336019,0.139,,Stormwater Land Acquisition and Recollection Plan ,,LEG,1504 Hedge Rd,Stormwater management,,,6041.57778926817,321.456584665141
1279,Stormwater Land Acquisition and Recollection Plan (2019-030),2019-030,LEG,412002336022,0.139,,Stormwater Land Acquisition and Recollection Plan ,,LEG,26 Hedge Ct,Stormwater management,,,6042.57171250949,321.490041315385
1280,Stormwater Land Acquisition and Recollection Plan (2019-030),2019-030,LEG,412002336011,0.138,,Stormwater Land Acquisition and Recollection Plan ,,LEG,1520 Hedge Rd,Stormwater Management,,,6028.62668802112,321.03051801824
1282,Sheriff's Sale,,LEG,412011226014,0.162,,Sheriff's Sale,,,1018 W Beardsley Ave,,,,7067.84638053244,374.730292039523
1283,Stormwater Land Acquisition and Recollection Plan (2019-030),2019-030,LEG,412002303002,0.138,,Stormwater Land Acquisition and Recollection Plan ,,LEG,1718 Hedge Rd,Stormwater management,,,6019.04226572125,321.138974333535
1284,Stormwater Land Acquisition and Recollection Plan (2019-030),2019-030,LEG,412002303015,0.138,,Stormwater Land Acquisition and Recollection Plan ,,LEG,1612 Hedge Rd,Stormwater management,,,6016.61654947373,320.553736848655
1285,Stormwater Land Acquisition and Recollection Plan (2019-030),2019-030,LEG,412002336015,0.139,,Stormwater Land Acquisition and Recollection Plan ,,LEG,1512 Hedge Rd,Stormwater management,,,6035.67537018067,321.265942665698
1286,Stormwater Land Acquisition and Recollection Plan (2019-030),2019-030,LEG,412002336009,0.138,,Stormwater Land Acquisition and Recollection Plan ,,LEG,1524 Hedge Rd,Stormwater management,,,6025.16844752789,320.915877730681
1287,Stormwater Land Acquisition and Recollection Plan (2019-030),2019-030,LEG,412002336006,0.138,,Stormwater Land Acquisition and Recollection Plan ,,LEG,1530 Hedge Rd,Stormwater management,,,6020.01971556322,320.743996530451
1288,Stormwater Land Acquisition and Recollection Plan (2019-030),2019-030,LEG,412002336013,0.138,,Stormwater Land Acquisition and Recollection Plan ,,LEG,1516 Hedge Rd,Stormwater management,,,6032.07533973838,321.146030305003
1685,Stormwater Land Acquisition and Recollection Plan (2019-030),2019-030,LEG,412002303011,0.138,,Stormwater Land Acquisition and Recollection Plan ,,LEG,1620 Hedge Rd,Stormwater management,,,6016.40337021954,320.546720145391
1706,Stormwater Land Acquisition and Recollection Plan (2019-030),2019-030,LEG,412002303018,0.138,,Stormwater Land Acquisition and Recollection Plan ,,LEG,1606 Hedge Rd,Stormwater management,,,6016.78901160103,320.559762094936
1707,Stormwater Land Acquisition and Recollection Plan (2019-030),2019-030,LEG,412002303006,0.138,,Stormwater Land Acquisition and Recollection Plan ,,LEG,1710 Hedge Rd,Stormwater management,,,6016.13193309401,320.537603037458
1708,Stormwater Land Acquisition and Recollection Plan (2019-030),2019-030,LEG,412002336001,0.185,,Stormwater Land Acquisition and Recollection Plan ,,LEG,1540 Hedge Rd,Stormwater management,,,8057.67248684154,369.891844186597
1721,Stormwater Land Acquisition and Recollection Plan (2019-030),2019-030,LEG,412002336003,0.138,,Stormwater Land Acquisition and Recollection Plan ,,LEG,1536 Hedge Rd,Stormwater management,,,6012.47564890486,320.524315087947
1730,Stormwater Land Acquisition and Recollection Plan (2019-030),2019-030,LEG,412002336010,0.138,,Stormwater Land Acquisition and Recollection Plan ,,LEG,1522 Hedge Rd,Stormwater management,,,6026.93597083138,320.974149133704
1740,Stormwater Land Acquisition and Recollection Plan (2019-030),2019-030,LEG,412002303010,0.138,,Stormwater Land Acquisition and Recollection Plan ,,LEG,1702 Hedge Rd,Stormwater management,,,6016.38138329823,320.545373013399
1750,Stormwater Land Acquisition and Recollection Plan (2019-030),2019-030,LEG,412002336023,0.139,,Stormwater Land Acquisition and Recollection Plan ,,LEG,24 Hedge Ct,Stormwater management,,,6041.9675497126,321.482549418259
1754,Stormwater Land Acquisition and Recollection Plan (2019-030),2019-030,LEG,412002383001,0.269,,Stormwater Land Acquisition and Recollection Plan ,,LEG,18 Hedge Ct,Stormwater management,,,11736.9866972592,439.447040605584
1755,Stormwater Land Acquisition and Recollection Plan (2019-030),2019-030,LEG,412002336018,0.139,,Stormwater Land Acquisition and Recollection Plan ,,LEG,1506 Hedge Rd,Stormwater management,,,6038.00655631516,321.37717987599
1767,Stormwater Land Acquisition and Recollection Plan (2019-030),2019-030,LEG,412002336002,0.138,,Stormwater Land Acquisition and Recollection Plan ,,LEG,1538 Hedge Rd,Stormwater management,,,6013.14429092695,320.514597125402
1771,Stormwater Land Acquisition and Recollection Plan (2019-030),2019-030,LEG,412002336014,0.15,,Stormwater Land Acquisition and Recollection Plan ,,LEG,1514 Hedge Rd,Stormwater management,,,6536.66143066835,331.195962171229
1773,Stormwater Land Acquisition and Recollection Plan (2019-030),2019-030,LEG,412002303020,0.161,,Stormwater Land Acquisition and Recollection Plan ,,LEG,1602 Hedge Rd,Stormwater management,,,7002.55836904101,327.539041071654
1776,Stormwater Land Acquisition and Recollection Plan (2019-030),2019-030,LEG,412002336024,0.139,,Stormwater Land Acquisition and Recollection Plan ,,LEG,22 Hedge Ct,Stormwater management,,,6043.23296691267,321.512795019193
1779,Stormwater Land Acquisition and Recollection Plan (2019-030),2019-030,LEG,412002336022,0.139,,Stormwater Land Acquisition and Recollection Plan ,,LEG,26 Hedge Ct,Stormwater management,,,6042.57171250949,321.490041315385
1780,Stormwater Land Acquisition and Recollection Plan (2019-030),2019-030,LEG,412002336021,0.139,,Stormwater Land Acquisition and Recollection Plan ,,LEG,28 Hedge Ct,Stormwater management,,,6041.27638435188,321.460232026686
1784,Stormwater Land Acquisition and Recollection Plan (2019-030),2019-030,LEG,412002336008,0.138,,Stormwater Land Acquisition and Recollection Plan ,,LEG,1526 Hedge Rd,Stormwater management,,,6023.46854805964,320.858795315374
1785,Stormwater Land Acquisition and Recollection Plan (2019-030),2019-030,LEG,412002336004,0.138,,Stormwater Land Acquisition and Recollection Plan ,,LEG,1534 Hedge Rd,Stormwater management,,,6018.9901997108,320.677406522209
1787,Stormwater Land Acquisition and Recollection Plan (2019-030),2019-030,LEG,412002303003,0.138,,Stormwater Land Acquisition and Recollection Plan ,,LEG,1716 Hedge Rd,Stormwater management,,,6015.97414421688,320.53260873622
1790,Stormwater Land Acquisition and Recollection Plan (2019-030),2019-030,LEG,412002335014,0.217,,Stormwater Land Acquisition and Recollection Plan ,,LEG,1603 Joanne Ln,Stormwater management,,,9444.0007051865,410.505148239111
1792,Stormwater Land Acquisition and Recollection Plan (2019-030),2019-030,LEG,412002303012,0.138,,Stormwater Land Acquisition and Recollection Plan ,,LEG,1618 Hedge Rd,Stormwater management,,,6016.45632419523,320.548464492712
2192,Stormwater Land Acquisition and Recollection Plan (2019-030),2019-030,LEG,412002303014,0.138,,Stormwater Land Acquisition and Recollection Plan ,,LEG,1614 Hedge Rd,Stormwater management,,,6016.55142393211,320.551834019053
2592,Stormwater Land Acquisition and Recollection Plan (2019-030),2019-030,LEG,412002303007,0.138,,Stormwater Land Acquisition and Recollection Plan ,,LEG,1708 Hedge Rd,Stormwater management,,,6016.16569977648,320.539069716509
2992,Stormwater Land Acquisition and Recollection Plan (2019-030),2019-030,LEG,412002336017,0.139,,Stormwater Land Acquisition and Recollection Plan ,,LEG,1508 Hedge Rd,Stormwater management,,,6039.09768788116,321.380424414041
3394,Stormwater Land Acquisition and Recollection Plan (2019-030),2019-030,LEG,462107307004,0.202,,Stormwater Land Acquisition and Recollection Plan ,,LEG,205 E Church St,Stormwater management,,,8810.39106472429,398.500835129149
3396,Stormwater Land Acquisition and Recollection Plan (2019-030),2019-030,LEG,412002303005,0.138,,Stormwater Land Acquisition and Recollection Plan ,,LEG,1712 Hedge Rd,Stormwater management,,,6016.0705992323,320.535700190324
3398,Stormwater Land Acquisition and Recollection Plan (2019-030),2019-030,LEG,412002303013,0.138,,Stormwater Land Acquisition and Recollection Plan ,,LEG,1616 Hedge Rd,Stormwater management,,,6016.50228181859,320.55008961328
3792,Stormwater Land Acquisition and Recollection Plan (2019-030),2019-030,LEG,412002303009,0.138,,Stormwater Land Acquisition and Recollection Plan ,,LEG,1704 Hedge Rd,Stormwater management,0,,6016.30648475706,320.543469848594
4192,Stormwater Land Acquisition and Recollection Plan (2019-030),2019-030,LEG,412002336012,0.138,,Stormwater Land Acquisition and Recollection Plan ,,LEG,1518 Hedge Rd,Stormwater management,,,6030.33305474379,321.088194825369
4592,Stormwater Land Acquisition and Recollection Plan (2019-030),2019-030,LEG,412002303008,0.138,,Stormwater Land Acquisition and Recollection Plan ,,LEG,1706 Hedge Rd,Stormwater management,0,,6016.24660460946,320.541567036591
4598,Stormwater Land Acquisition and Recollection Plan (2019-030),2019-030,LEG,412002303004,0.138,,Stormwater Land Acquisition and Recollection Plan ,,LEG,1714 Hedge Rd,Stormwater management,,,6016.02464112457,320.534075069857
5392,Stormwater Land Acquisition and Recollection Plan (2019-030),2019-030,LEG,412002303001,0.203,,Stormwater Land Acquisition and Recollection Plan ,,LEG,1720 Hedge Rd,Stormwater management,,,8863.8516254158,394.945431559065
6593,Stormwater Land Acquisition and Recollection Plan (2019-030),2019-030,LEG,412002336020,0.139,,Stormwater Land Acquisition and Recollection Plan ,,LEG,1502 Hedge Rd,Stormwater management,,,6041.43564411149,321.458444844818
6994,Stormwater Land Acquisition and Recollection Plan (2019-030),2019-030,LEG,412002336005,0.138,,Stormwater Land Acquisition and Recollection Plan ,,LEG,1534 Hedge Rd,Stormwater management,,,6018.3232028382,320.687191716167
7392,Stormwater Land Acquisition and Recollection Plan (2019-030),2019-030,LEG,462107159012,0.046,,Stormwater Land Acquisition and Recollection Plan ,,LEG,104 E Washington St,Stormwater Management,,,1997.55486819477,182.155856307638
7393,Stormwater Land Acquisition and Recollection Plan (2019-030),2019-030,LEG,462107159011,0.058,,Stormwater Land Acquisition and Recollection Plan ,,LEG,102-1/2 E Washington St,Stormwater Management,,,2522.60541771657,208.486788616176
7394,Stormwater Land Acquisition and Recollection Plan (2019-030),2019-030,LEG,462107159010,0.08,,Stormwater Land Acquisition and Recollection Plan ,,LEG,102 E Washington St,Stormwater Management,,,3500.09659466086,247.578422345092
7792,,CB 2019-030,LEG,412001478006,,A,Drainage/Boneyard,Boneyard Channel,LEG,1403 N Market St,Flood Hazard Area,1,MF 1,444.948598842342,101.776133716321
7795,Stormwater Land Acquisition and Recollection Plan (2019-030),2019-030,LEG,412002336025,0.139,,Stormwater Land Acquisition and Recollection Plan ,,LEG,20 Hedge Ct,Stormwater management,,,8699.0497861816,387.724057163384
8198,,2019-030,LEG, 412001477017,0.001,A,Drainage/Boneyard,Boneyard Channel,LEG,1409 Champaign St,other,1,SF 1,29.279256248662,26.5957384818232
8199,Stormwater Land Acquisition and Recollection Plan (2019-030),2019-030,LEG,412002303019,0.138,,Stormwater Land Acquisition and Recollection Plan ,,LEG,1604 Hedge Rd,Stormwater management,,,6016.86307578103,320.561823303598
8200,Stormwater Land Acquisition and Recollection Plan (2019-030),2019-030,LEG,412002303016,0.138,,Stormwater Land Acquisition and Recollection Plan ,,LEG,1610 Hedge Rd,Stormwater management,,,6016.66923446038,320.555361949709
8201,Stormwater Land Acquisition and Recollection Plan (2019-030),2019-030,LEG,412002336007,0.138,,Stormwater Land Acquisition and Recollection Plan ,,LEG,1528 Hedge Rd,Stormwater management,,,6021.73725620279,320.801396048901
8202,Stormwater Land Acquisition and Recollection Plan (2019-030),2019-030,LEG,412002336016,0.139,,Stormwater Land Acquisition and Recollection Plan ,,LEG,1510 Hedge Rd,Stormwater management,,,6037.34706045881,321.322311442728
